nomor,tanggal,nama_pembeli,nama_barang,kuantum,nominal
1,1/2/2020,TOKO HERUNIAWATI,BERAS,1000,9840000
2,1/2/2020,TOKO HERUNIAWATI,DAGING,120,8400000
3,1/2/2020,TOKO APRILIA SUKRISNI,BERAS,6000,62910000
4,1/2/2020,TOKO APRILIA SUKRISNI,MIGOR,408,4855200
5,1/2/2020,TOKO APRILIA SUKRISNI,TEPUNG,140,1162000
6,1/2/2020,TOKO MAJU TERUS,BERAS,820,8597700
7,1/2/2020,TOKO MAJU TERUS,BERAS,550,5412000
8,1/2/2020,TOKO MAJU TERUS,DAGING,140,9800000
9,1/3/2020,KOPERASI BRI MELAWI,BERAS,1180,12372300
10,1/3/2020,KOPERASI BRI MELAWI,MIGOR,204,2427600
11,1/3/2020,KOPERASI BRI MELAWI,TEPUNG,200,1660000
12,1/6/2020,TOKO DEB,BERAS,500,4920000
13,1/6/2020,TOKO DEB,DAGING,100,7000000
14,1/6/2020,TOKO FATHULLAH ZIKRI,BERAS,500,4920000
15,1/6/2020,TOKO FATHULLAH ZIKRI,DAGING,110,7700000
16,1/6/2020,TOKO FAHRI,BERAS,200,1968000
17,1/6/2020,TOKO FAHRI,DAGING,40,2800000
18,1/7/2020,TOKO KEDAI YUDA,BERAS,250,2621250
19,1/7/2020,TOKO KEDAI YUDA,BERAS,500,4920000
20,1/7/2020,TOKO KEDAI YUDA,DAGING,60,4200000
21,1/7/2020,TOKO KOPERASI KONSUMEN SYARIAH BERKAH BERSEMI,BERAS,250,2621250
22,1/7/2020,TOKO KOPERASI KONSUMEN SYARIAH BERKAH BERSEMI,BERAS,450,4428000
23,1/7/2020,TOKO KOPERASI KONSUMEN SYARIAH BERKAH BERSEMI,DAGING,60,4200000
24,1/9/2020,Harya Sari,BERAS,200,2097000
25,1/9/2020,Harya Sari,BERAS,600,5904000
26,1/9/2020,Harya Sari,DAGING,100,7000000
27,1/9/2020,TOKO SUPER STOCK,BERAS,300,3145500
28,1/9/2020,TOKO SUPER STOCK,BERAS,700,6888000
29,1/9/2020,TOKO SUPER STOCK,DAGING,150,10500000
30,1/10/2020,TOKO HARYATI ,BERAS,3000,31500000
31,1/10/2020,TOKO KARDI ,BERAS,1000,10500000
32,1/10/2020,TOKO KHET MEN ,BERAS,1000,10500000
33,1/10/2020,TOKO ENDANG HARTATI ,BERAS,500,5250000
34,1/10/2020,TOKO DWI SUSILO ,BERAS,500,5250000
35,1/10/2020,TOKO CAH HERU ,BERAS,500,5250000
36,1/10/2020,TOKO AANG  DARMAWAN ,BERAS,500,5250000
37,1/10/2020,TOKO DIDIK PRIOJADMIKO ,BERAS,500,5250000
38,1/10/2020,TOKO HENI LAY ,BERAS,4000,42000000
39,1/10/2020,TOKO APRIYANTO ,BERAS,3000,31500000
40,1/10/2020,Warung Nak Zihan,BERAS,500,5242500
41,1/10/2020,Warung Nak Zihan,DAGING,100,7000000
42,1/10/2020,Warung Nak Zihan,MIGOR,84,999600
43,1/10/2020,Warung Nak Zihan,TEPUNG,60,498000
44,1/13/2020,TOKO MUNIR,BERAS,300,3145500
45,1/13/2020,TOKO MUNIR,DAGING,120,8400000
46,1/13/2020,TOKO KARYA BINJAI,BERAS,200,2097000
47,1/13/2020,TOKO KARYA BINJAI,DAGING,80,5600000
48,1/13/2020,TOKO KIAN KIONG ,BERAS,1000,10500000
49,1/13/2020,TOKO ANDREAS INDAH ,BERAS,7000,73500000
50,1/13/2020,TOKO KHET MEN ,BERAS,1000,10500000
51,1/13/2020,TOKO NURDIAH ,BERAS,2500,26250000
52,1/14/2020,KARUNIA,BERAS,500,4920000
53,1/14/2020,KARUNIA,DAGING,20,1400000
54,1/16/2020,TOKO REVAN,BERAS,550,5412000
55,1/16/2020,TOKO REVAN,DAGING,40,2800000
56,1/16/2020,TOKO DOA IBU,BERAS,500,4920000
57,1/16/2020,TOKO DOA IBU,DAGING,35,2450000
58,1/20/2020,SAHABAT ANDA,BERAS,900,8856000
59,1/20/2020,SAHABAT ANDA,DAGING,60,4200000
60,1/20/2020,SAHABAT ANDA,TEPUNG,60,498000
61,1/20/2020,TOKO AQIL,BERAS,800,7872000
62,1/20/2020,TOKO AQIL,DAGING,50,3500000
63,1/20/2020,TOKO AQIL,TEPUNG,40,332000
64,1/20/2020,TOKO ABIZAR,BERAS,700,6888000
65,1/21/2020,TOKO SARDIYANTO ,BERAS,500,5250000
66,1/21/2020,TOKO DIDIK PRIOJADMIKO ,BERAS,750,7875000
67,1/21/2020,TOKO KIAN KIONG ,BERAS,2000,21000000
68,1/21/2020,TOKO ANDREAS INDAH ,BERAS,4000,42000000
69,1/21/2020,TOKO EKA SAPUTRA JAYA ,BERAS,1000,10500000
70,1/21/2020,TOKO FAKHLI HARUDI ,BERAS,2400,25200000
71,1/22/2020,ANDY,BERAS,250,2460000
72,1/22/2020,ANDY,DAGING,100,7000000
73,1/22/2020,TOKO IFAL,BERAS,250,2460000
74,1/22/2020,TOKO IFAL,DAGING,100,7000000
75,1/22/2020,Langkah Jaya,BERAS,200,1968000
76,1/22/2020,Langkah Jaya,DAGING,100,7000000
77,1/23/2020,TOKO ANDRI SUGIANTO ,BERAS,10000,105000000
78,1/23/2020,TOKO JESAYA GINTING ,BERAS,10000,105000000
79,1/27/2020,TOKO HIDAYAH,BERAS,600,5904000
80,1/27/2020,TOKO HIDAYAH,DAGING,80,5600000
81,1/28/2020,TOKO BERKAH DUA PUTRA,BERAS,500,5192500
82,1/28/2020,TOKO BERKAH DUA PUTRA,DAGING,75,5250000
83,1/28/2020,TOKO YENNI SUSILAWATI ,BERAS,1000,10500000
84,1/28/2020,TOKO ENDANG SUSILAWATI ,BERAS,18000,189000000
85,1/28/2020,TOKO HARYATI ,BERAS,1800,18900000
86,1/28/2020,TOKO ANDREAS INDAH ,BERAS,3000,31500000
87,1/28/2020,TOKO DIANA RISTA ,BERAS,2000,21000000
88,1/29/2020,TOKO WARUNG SANTI,BERAS,540,5607900
89,1/29/2020,TOKO WARUNG SANTI,DAGING,200,14000000
90,1/30/2020,TOKO JESAYA GINTING ,BERAS,15000,157500000
91,1/30/2020,TOKO ENDANG SUSILAWATI ,BERAS,6000,63000000
92,1/30/2020,TOKO DIDIK PRIOJADMIKO ,BERAS,1000,10500000
93,1/30/2020,TOKO BOB-i,BERAS,600,5904000
94,1/30/2020,TOKO BOB-i,DAGING,80,5600000
95,1/30/2020,TOKO BUMDES USAHA JAYA BERSAMA,BERAS,700,6888000
96,1/30/2020,TOKO BUMDES USAHA JAYA BERSAMA,DAGING,100,7000000
97,2/3/2020,TOKO DARKUM KOPERASI DISPERINDAG ,BERAS,500,4920000
98,2/3/2020,TOKO DARKUM KOPERASI DISPERINDAG ,DAGING,40,2800000
99,2/3/2020,TOKO DARKUM KOPERASI DISPERINDAG ,MIGOR,132,1570800
100,2/3/2020,TOKO DARKUM KOPERASI DISPERINDAG ,TEPUNG,40,332000
101,2/3/2020,TPK PASAR JUNJUNG BUIH,BERAS,1000,9840000
102,2/4/2020,RUDIMAS,BERAS,750,7380000
103,2/5/2020,TOKO BUNGUR,BERAS,650,6396000
104,2/5/2020,TOKO BUNGUR,DAGING,60,4200000
105,2/5/2020,TOKO KIAN KIONG ,BERAS,3000,31500000
106,2/5/2020,TOKO KHET MEN ,BERAS,1000,10500000
107,2/5/2020,TOKO YENNI SUSILAWATI ,BERAS,1500,15750000
108,2/5/2020,TOKO ENDANG SUSILAWATI ,BERAS,12000,126000000
109,2/5/2020,TOKO SUKARDI ,BERAS,2500,26250000
110,2/5/2020,TOKO KARDI ,BERAS,2500,26250000
111,2/5/2020,TOKO ISNANI SITI RAFIAH ,BERAS,1000,10500000
112,2/5/2020,TOKO PANISITAWATI HERMINA PAULA ,BERAS,4000,42000000
113,2/5/2020,TOKO DENY WIDODO ,BERAS,4000,42000000
114,2/5/2020,TOKO HERU SUSANTO ,BERAS,6000,63000000
115,2/5/2020,TOKO RUDY ,BERAS,4000,42000000
116,2/6/2020,TOKO BUMDES TERTUNG,BERAS,600,5904000
117,2/6/2020,TOKO BUMDES TERTUNG,DAGING,20,1400000
118,2/6/2020,TOKO FEBRIANTI INDAH LESTARI ,BERAS,2800,29400000
119,2/6/2020,TOKO KARDI ,BERAS,1100,11550000
120,2/6/2020,TOKO KIAN KIONG ,BERAS,1000,10500000
121,2/6/2020,TOKO DIANA RISTA ,BERAS,6000,63000000
122,2/6/2020,TOKO FAKHLI HARUDI ,BERAS,5600,58800000
123,2/7/2020,TOKO ODONG SOBARI ,BERAS,3000,31500000
124,2/7/2020,TOKO CUCUM ,BERAS,1500,15750000
125,2/7/2020,TOKO KHET MEN ,BERAS,1000,10500000
126,2/7/2020,TOKO JESAYA GINTING ,BERAS,10000,105000000
127,2/7/2020,TOKO SRI WAHYUNI ,BERAS,500,5250000
128,2/10/2020,TOKO DEWI AFRITA ,BERAS,5000,52500000
129,2/10/2020,TOKO AANG  DARMAWAN ,BERAS,750,7875000
130,2/10/2020,TOKO DIDIK PRIOJADMIKO ,BERAS,1500,15750000
131,2/10/2020,TOKO ENDANG HARTATI ,BERAS,1500,15750000
132,2/10/2020,TOKO FAKHLI HARUDI ,BERAS,8000,84000000
133,2/11/2020,TOKO RIZKI SAKYAH,BERAS,750,7367250
134,2/11/2020,TOKO RIZKI SAKYAH,DAGING,20,1400000
135,2/11/2020,TOKO RIZKI SAKYAH,MIGOR,60,714000
136,2/11/2020,TOKO RIZKI SAKYAH,TEPUNG,20,166000
137,2/12/2020,TOKO RAHMAD,BERAS,1000,9823000
138,2/12/2020,TOKO RAHMAD,DAGING,20,1400000
139,2/13/2020,TOKO SUKA SUKA,BERAS,800,7858400
140,2/14/2020,TOKO YOGI,BERAS,850,8349550
141,2/17/2020,TOKO IRVA,BERAS,850,8349550
142,2/17/2020,TOKO IRVA,DAGING,20,1400000
143,2/18/2020,Ummi,BERAS,750,7367250
144,2/19/2020,TOKO TOPIN,BERAS,850,8349550
145,2/19/2020,TOKO DHEMA,BERAS,750,7367250
146,2/20/2020,TOKO SIGID PAMBUDI ,BERAS,2000,21000000
147,2/20/2020,TOKO SYARBINUS PANGKAS ,BERAS,8000,84000000
148,2/20/2020,TOKO SUKARDI ,BERAS,7300,76650000
149,2/20/2020,TOKO ANDRI SUGIANTO ,BERAS,15000,157500000
150,2/20/2020,TOKO SRI WAHYUNI ,BERAS,1000,10500000
151,2/20/2020,TOKO AGUSTINUS ,BERAS,6400,67200000
152,2/20/2020,TOKO ARI YANTO ,BERAS,3600,37800000
153,2/20/2020,TOKO SAPARNI ,BERAS,4800,50400000
154,2/20/2020,TOKO SIMON SUMARDI ,BERAS,1300,13650000
155,2/20/2020,TOKO EKO BUDI WINASIS ,BERAS,1020,10710000
156,2/20/2020,TOKO HERI HARYANTO ,BERAS,1000,10500000
157,2/20/2020,TOKO EKA SAPUTRA JAYA ,BERAS,5000,52500000
158,2/21/2020,TOKO FEBRIANTI INDAH LESTARI ,BERAS,3500,36750000
159,2/21/2020,TOKO ENDANG SUSILAWATI ,BERAS,18000,189000000
160,2/21/2020,TOKO DEWI AFRITA ,BERAS,5000,52500000
161,2/21/2020,TOKO DIANA RISTA ,BERAS,4000,42000000
162,2/21/2020,TOKO NURFADILAH ,BERAS,5500,57750000
163,2/21/2020,TOKO MARDIUS ,BERAS,2000,21000000
164,2/21/2020,TOKO ANTONIUS ,BERAS,10000,105000000
165,2/25/2020,TOKO BERKAT USAHA,BERAS,700,6876100
166,2/25/2020,TOKO BERKAT USAHA,DAGING,120,8400000
167,2/25/2020,TOKO BERKAT USAHA,MIGOR,108,1285200
168,2/25/2020,TOKO BERKAT USAHA,TEPUNG,80,664000
169,2/25/2020,TOKO SILVIANA ,BERAS,500,4911500
170,2/25/2020,TOKO SILVIANA ,DAGING,80,5600000
171,2/25/2020,TOKO SILVIANA ,MIGOR,84,999600
172,2/25/2020,TOKO SILVIANA ,TEPUNG,40,332000
173,2/25/2020,TOKO KIAN KIONG ,BERAS,4000,42000000
174,2/25/2020,TOKO KHET MEN ,BERAS,1000,10500000
175,2/25/2020,TOKO YENNI SUSILAWATI ,BERAS,1500,15750000
176,2/25/2020,TOKO KARDI ,BERAS,2600,27300000
177,2/25/2020,TOKO SUNDARIANTO ,BERAS,900,9450000
178,2/25/2020,TOKO QOYIM MASYAHARI ,BERAS,500,5250000
179,2/25/2020,TOKO HENI LAY ,BERAS,1000,10500000
180,2/25/2020,TOKO SOFIAN ,BERAS,3000,31500000
181,2/26/2020,TOKO. M. FAHRIZA,BERAS,400,3929200
182,2/26/2020,TOKO. M. FAHRIZA,DAGING,140,9800000
183,2/26/2020,MEKAR SARI,BERAS,600,5893800
184,2/26/2020,MEKAR SARI,DAGING,160,11200000
185,2/26/2020,YAYASAN KESEJAHTERAAN PEGAWAI (YKP) BNI,BERAS,400,4800000
186,2/26/2020,YAYASAN KESEJAHTERAAN PEGAWAI (YKP) BNI,BERAS,160,3680000
187,2/27/2020,YAYASAN KESEJAHTERAAN PEGAWAI (YKP) BNI,BERAS,4,92000
188,2/27/2020,ANAPSA,BERAS,500,4911500
189,2/27/2020,ANAPSA,DAGING,100,7000000
190,2/27/2020,TOKO BU YULI,BERAS,700,6876100
191,2/27/2020,TOKO BU YULI,DAGING,120,8400000
192,2/27/2020,TOKO BU YULI,MIGOR,120,1428000
193,2/27/2020,TOKO BU YULI,TEPUNG,100,830000
194,3/3/2020,TOKO SIDAK,BERAS,100,1030000
195,3/3/2020,TOKO SIDAK,BERAS,850,8340200
196,3/3/2020,TOKO SIDAK,DAGING,40,2800000
197,3/3/2020,TOKO SIDAK,MIGOR,144,1713600
198,3/3/2020,TOKO ANUGRAH,BERAS,240,2448000
199,3/3/2020,TOKO ANUGRAH,BERAS,750,7359000
200,3/4/2020,TOKO CHALLISTA,BERAS,300,3060000
201,3/4/2020,TOKO CHALLISTA,BERAS,350,3434200
202,3/5/2020,TOKO ASSYAKIRIN,BERAS,350,3570000
203,3/5/2020,TOKO ASSYAKIRIN,DAGING,180,12600000
204,3/6/2020,TOKO USAHA ,BERAS,300,2943600
205,3/6/2020,TOKO USAHA ,DAGING,60,4200000
206,3/6/2020,TOKO MAJU TERUS,BERAS,500,4906000
207,3/6/2020,TOKO MAJU TERUS,DAGING,80,5600000
208,3/6/2020,TOKO MAJU TERUS,MIGOR,72,856800
209,3/6/2020,TOKO MAJU TERUS,TEPUNG,40,332000
210,3/6/2020,TOKO FEBRIANTI INDAH LESTARI ,BERAS,2000,21000000
211,3/6/2020,TOKO KHET MEN ,BERAS,1000,10500000
212,3/6/2020,TOKO EKA SAPUTRA JAYA ,BERAS,4000,42000000
213,3/9/2020,TOKO LANSIA,BERAS,150,1530000
214,3/9/2020,TOKO LANSIA,BERAS,650,6377800
215,3/9/2020,TOKO LANSIA,DAGING,20,1400000
216,3/9/2020,TOKO HERUNIAWATI,BERAS,700,6868400
217,3/9/2020,TOKO HERUNIAWATI,DAGING,40,2800000
218,3/10/2020,TOKO ANTONIUS ,BERAS,10000,105000000
219,3/10/2020,TOKO SARDIYANTO ,BERAS,750,7875000
220,3/10/2020,TOKO IDAWATI ,BERAS,510,5355000
221,3/10/2020,TOKO MIKA ERNAWATI ,BERAS,1000,10500000
222,3/10/2020,TOKO FAKHLI HARUDI ,BERAS,8000,84000000
223,3/11/2020,TOKO HERWIN ,BERAS,20460,214830000
224,3/11/2020,TOKO DIANA RISTA ,BERAS,4000,42000000
225,3/11/2020,Warung Nak Zihan,BERAS,900,8830800
226,3/11/2020,Warung Nak Zihan,MIGOR,84,999600
227,3/11/2020,Warung Nak Zihan,TEPUNG,40,332000
228,3/11/2020,TOKO ABANG HERIYANSYAH ,BERAS,700,6868400
229,3/11/2020,TOKO ABANG HERIYANSYAH ,MIGOR,300,3570000
230,3/12/2020,SAHABAT ANDA,BERAS,800,7849600
231,3/12/2020,SAHABAT ANDA,DAGING,20,1400000
232,3/12/2020,SAHABAT ANDA,TEPUNG,140,1162000
233,3/13/2020,TOKO CAH HERU ,BERAS,750,7875000
234,3/13/2020,TOKO ISNANI SITI RAFIAH ,BERAS,1000,10500000
235,3/13/2020,TOKO DIDIK PRIOJADMIKO ,BERAS,4000,42000000
236,3/13/2020,TOKO ANTONIUS ,BERAS,15000,157500000
237,3/13/2020,TOKO HERWIN ,BERAS,10450,109725000
238,3/13/2020,TOKO ARI YANTO ,BERAS,7200,75600000
239,3/13/2020,TOKO AGUSTINUS ,BERAS,4700,49350000
240,3/17/2020,TOKO AQIL,BERAS,900,8840700
241,3/17/2020,TOKO AQIL,DAGING,100,7000000
242,3/17/2020,TOKO AQIL,MIGOR,360,4284000
243,3/17/2020,TOKO SIGID PAMBUDI ,BERAS,600,5893800
244,3/17/2020,TOKO SIGID PAMBUDI ,DAGING,60,4200000
245,3/17/2020,TOKO SIGID PAMBUDI ,MIGOR,432,5140800
246,3/18/2020,TOKO. BUMDES JAYA ,BERAS,700,6876100
247,3/18/2020,TOKO. BUMDES JAYA ,DAGING,120,8400000
248,3/18/2020,TOKO DEB,BERAS,500,4911500
249,3/18/2020,TOKO DEB,DAGING,100,7000000
250,3/19/2020,TOKO ANDRI SUGIANTO ,BERAS,9500,99750000
251,3/19/2020,TOKO SYARBINUS PANGKAS ,BERAS,7700,80850000
252,3/19/2020,TOKO HENI LAY ,BERAS,3000,31500000
253,3/19/2020,TOKO SAPARNI ,BERAS,8800,92400000
254,3/19/2020,TOKO DIANA RISTA ,BERAS,11000,115500000
255,3/20/2020,TOKO FATHULLAH ZIKRI,BERAS,300,3060000
256,3/20/2020,TOKO FATHULLAH ZIKRI,BERAS,600,5893800
257,3/20/2020,TOKO KEDAI YUDA,BERAS,270,2754000
258,3/20/2020,TOKO KEDAI YUDA,BERAS,500,4911500
259,3/23/2020,TOKO FAHRI,BERAS,100,1030000
260,3/23/2020,TOKO FAHRI,BERAS,900,8840700
261,3/23/2020,TOKO FAHRI,DAGING,80,5600000
262,3/23/2020,TOKO KOPERASI KONSUMEN SYARIAH BERKAH BERSEMI,BERAS,150,1545000
263,3/23/2020,TOKO KOPERASI KONSUMEN SYARIAH BERKAH BERSEMI,BERAS,700,6876100
264,3/23/2020,TOKO KOPERASI KONSUMEN SYARIAH BERKAH BERSEMI,DAGING,60,4200000
265,3/23/2020,YAYASAN KESEJAHTERAAN PEGAWAI (YKP) BNI,BERAS,195,2340000
266,3/23/2020,YAYASAN KESEJAHTERAAN PEGAWAI (YKP) BNI,BERAS,78,1794000
267,3/24/2020,YAYASAN KESEJAHTERAAN PEGAWAI (YKP) BNI,BERAS,2,46000
268,3/24/2020,TOKO BUNAWI ,BERAS,500,4911500
269,3/24/2020,TOKO BUNAWI ,MIGOR,504,5997600
270,3/24/2020,TOKO NURFADILAH ,BERAS,55,566500
271,3/24/2020,TOKO NURFADILAH ,BERAS,600,5893800
272,3/24/2020,TOKO NURFADILAH ,MIGOR,504,5997600
273,3/26/2020,Harya Sari,BERAS,600,5893800
274,3/26/2020,Harya Sari,DAGING,60,4200000
275,3/30/2020,TOKO SUPER STOCK,BERAS,650,6384950
276,3/30/2020,TOKO SUPER STOCK,DAGING,60,4200000
277,3/30/2020,TOKO MUNIR,BERAS,750,7367250
278,3/30/2020,TOKO MUNIR,DAGING,80,5600000
279,4/3/2020,TOKO PANISITAWATI HERMINA PAULA ,BERAS,4000,42000000
280,4/3/2020,TOKO MARDIUS ,BERAS,3500,36750000
281,4/6/2020,TOKO DWI SUSILO ,BERAS,2100,22050000
282,4/6/2020,TOKO ASEP SAFRUDIN ,BERAS,1000,10500000
283,4/7/2020,TOKO HERWIN ,BERAS,5440,57120000
284,4/8/2020,TOKO WARUNG SANTI,DAGING,200,14000000
285,4/8/2020,TOKO BUNGUR,DAGING,200,14000000
286,4/9/2020,TOKO KIAN KIONG ,BERAS,930,9765000
287,4/13/2020,TOKO HERWIN ,BERAS,13650,143325000
288,4/13/2020,TOKO AGUSTINUS ,BERAS,5000,52500000
289,4/13/2020,TOKO ARI YANTO ,BERAS,1800,18900000
290,4/14/2020,TOKO HIDAYAH,BERAS,900,8840700
291,4/14/2020,TOKO HIDAYAH,DAGING,200,14000000
292,4/14/2020,TOKO HIDAYAH,MIGOR,120,1482000
293,4/14/2020,TOKO HIDAYAH,TEPUNG,140,1120000
294,4/14/2020,TOKO ABANG HERIYANSYAH ,BERAS,1000,9823000
295,4/14/2020,TOKO ABANG HERIYANSYAH ,DAGING,180,12600000
296,4/14/2020,TOKO ABANG HERIYANSYAH ,MIGOR,984,12152400
297,4/14/2020,TOKO ABANG HERIYANSYAH ,TEPUNG,160,1280000
298,4/14/2020,TOKO KOTABARU,BERAS,1500,14734500
299,4/14/2020,TOKO KOTABARU,DAGING,100,7000000
300,4/14/2020,KARUNIA,BERAS,800,7858400
301,4/14/2020,KARUNIA,DAGING,100,7000000
302,4/14/2020,TOKO KARYA BINJAI,BERAS,850,8349550
303,4/14/2020,TOKO KARYA BINJAI,DAGING,80,5600000
304,4/14/2020,TOKO REVAN,BERAS,950,9331850
305,4/14/2020,TOKO REVAN,DAGING,60,4200000
306,4/15/2020,TOKO KIAN KIONG ,BERAS,4150,43575000
307,4/15/2020,TOKO HERU SUSANTO ,BERAS,7000,73500000
308,4/15/2020,TOKO JUANTI ,BERAS,3400,35700000
309,4/16/2020,KOPERASI BRI MELAWI,BERAS,1250,12875000
310,4/16/2020,KOPERASI BRI MELAWI,MIGOR,250,3087500
311,4/16/2020,TOKO ABIZAR,BERAS,400,4120000
312,4/16/2020,TOKO ABIZAR,BERAS,1100,10805300
313,4/16/2020,TOKO ABIZAR,DAGING,60,4200000
314,4/16/2020,ANDY,BERAS,350,3605000
315,4/16/2020,ANDY,BERAS,900,8840700
316,4/16/2020,ANDY,DAGING,60,4200000
317,4/20/2020,TOKO RIZKI SAKYAH,BERAS,700,7140000
318,4/20/2020,TOKO RIZKI SAKYAH,BERAS,800,7858400
319,4/20/2020,TOKO RIZKI SAKYAH,DAGING,140,9800000
320,4/20/2020,TOKO RIZKI SAKYAH,MIGOR,72,889200
321,4/20/2020,TOKO RIZKI SAKYAH,TEPUNG,120,960000
322,4/20/2020,TOKO YOGI,BERAS,800,8160000
323,4/20/2020,TOKO YOGI,BERAS,750,7367250
324,4/20/2020,TOKO YOGI,DAGING,160,11200000
325,4/20/2020,TOKO YOGI,MIGOR,74,913900
326,4/20/2020,TOKO YOGI,TEPUNG,330,2640000
327,4/20/2020,TOKO SUKA SUKA,BERAS,550,5610000
328,4/20/2020,TOKO SUKA SUKA,BERAS,250,2455750
329,4/20/2020,TOKO SUKA SUKA,DAGING,20,1400000
330,4/20/2020,TOKO SUKA SUKA,DAGING,80,5600000
331,4/20/2020,TOKO IRVA,BERAS,450,4590000
332,4/20/2020,TOKO IRVA,BERAS,200,1964600
333,4/20/2020,TOKO IRVA,DAGING,100,7000000
334,4/22/2020,TOKO SULASTRI AGUSTINI,DAGING,400,28000000
335,4/22/2020,TOKO KINORA,DAGING,100,7000000
336,4/24/2020,TOKO BOB-i,DAGING,200,14000000
337,4/24/2020,TOKO MAJU TERUS,DAGING,200,14000000
338,4/24/2020,Warung Nak Zihan,DAGING,200,14000000
339,4/24/2020,TOKO HIDAYAH,DAGING,200,14000000
340,4/24/2020,SAHABAT ANDA,DAGING,200,14000000
341,4/24/2020,TOKO SULASTRI AGUSTINI,DAGING,300,21000000
342,4/28/2020,TOKO DARKUM KOPERASI DISPERINDAG ,BERAS,120,1236000
343,4/28/2020,TOKO DARKUM KOPERASI DISPERINDAG ,BERAS,4,92000
344,4/28/2020,TOKO DARKUM KOPERASI DISPERINDAG ,DAGING,200,14000000
345,4/28/2020,TOKO DARKUM KOPERASI DISPERINDAG ,MIGOR,480,5928000
346,4/28/2020,TOKO DARKUM KOPERASI DISPERINDAG ,TEPUNG,240,1920000
347,4/28/2020,TOKO IFAL,DAGING,180,12600000
348,4/28/2020,TOKO BERKAH DUA PUTRA,DAGING,350,24500000
349,4/28/2020,TOKO BERKAH DUA PUTRA,MIGOR,420,5187000
350,4/28/2020,TOKO BERKAH DUA PUTRA,TEPUNG,60,480000
351,4/28/2020,TOKO EKA SAPUTRA JAYA ,DAGING,100,7000000
352,4/28/2020,TOKO EKA SAPUTRA JAYA ,MIGOR,900,11115000
353,4/28/2020,TOKO EKA SAPUTRA JAYA ,TEPUNG,450,3600000
354,4/28/2020,ANAPSA,DAGING,220,15400000
355,4/28/2020,MEKAR SARI,DAGING,300,21000000
356,4/28/2020,YAYASAN KESEJAHTERAAN PEGAWAI (YKP) BNI,BERAS,380,4560000
357,4/28/2020,YAYASAN KESEJAHTERAAN PEGAWAI (YKP) BNI,BERAS,152,3496000
358,4/28/2020,YAYASAN KESEJAHTERAAN PEGAWAI (YKP) BNI,BERAS,4,92000
359,4/29/2020,Ummi,DAGING,170,11900000
360,4/29/2020,TOKO RAHMAD,DAGING,180,12600000
361,4/29/2020,TOKO TOPIN,DAGING,220,15400000
362,4/29/2020,TOKO DHEMA,DAGING,100,7000000
363,5/13/2020,TOKO ENGKON,BERAS,200000,2050000000
364,5/13/2020,TOKO NURDIAH ,MIGOR,240,2964000
365,5/13/2020,TOKO NURDIAH ,TEPUNG,80,640000
366,5/13/2020,TOKO MUHAMMAD JUMADI ,MIGOR,192,2371200
367,5/13/2020,TOKO MUHAMMAD JUMADI ,TEPUNG,60,480000
368,5/13/2020,TOKO DWIANA MARYATI ,MIGOR,180,2223000
369,5/13/2020,TOKO DWIANA MARYATI ,TEPUNG,60,480000
370,5/14/2020,TOKO SIMON SUMARDI ,MIGOR,300,3705000
371,5/14/2020,TOKO SIMON SUMARDI ,TEPUNG,100,800000
372,5/14/2020,TOKO JANUR SAPUTRA ,MIGOR,480,5928000
373,5/14/2020,TOKO JANUR SAPUTRA ,TEPUNG,100,800000
374,5/14/2020,TOKO MOMONG ALPINA ,MIGOR,412,5088200
375,5/14/2020,TOKO MOMONG ALPINA ,TEPUNG,100,800000
376,5/20/2020,TOKO BOB-i,BERAS,950,9785000
377,5/20/2020,TOKO BOB-i,BERAS,2300,23460000
378,5/20/2020,TOKO BUMDES USAHA JAYA BERSAMA,BERAS,850,8755000
379,5/20/2020,TOKO BUMDES USAHA JAYA BERSAMA,BERAS,2500,25500000
380,5/20/2020,TOKO BERKAT USAHA,BERAS,825,8497500
381,5/20/2020,TOKO BERKAT USAHA,BERAS,3000,30600000
382,5/20/2020,TOKO BU YULI,BERAS,925,9527500
383,5/20/2020,TOKO BU YULI,BERAS,2250,22950000
384,5/20/2020,TOKO SIDAK,BERAS,750,7725000
385,5/20/2020,TOKO SIDAK,BERAS,2400,24480000
386,5/20/2020,TOKO ANUGRAH,BERAS,700,7210000
387,5/20/2020,TOKO ANUGRAH,BERAS,2550,26010000
388,5/20/2020,TOKO RITA ROSANTI ,BERAS,7000,73500000
389,5/20/2020,TOKO SAMSUL HIDAYAT ,BERAS,7000,73500000
390,5/20/2020,TOKO DEWI AFRITA ,BERAS,6000,63000000
391,5/20/2020,TOKO AGUSTINUS ,BERAS,4500,47250000
392,5/20/2020,TOKO NURFADILAH ,BERAS,5500,57750000
393,6/4/2020,HOLIDAY MART,GULA,2500,30000000
394,6/4/2020,TOKO ANUGRAH,BERAS,900,8840700
395,6/4/2020,TOKO ANUGRAH,GULA,2500,30000000
396,6/4/2020,TOKO BERKAT USAHA,BERAS,1500,14734500
397,6/4/2020,TOKO BERKAT USAHA,GULA,8500,102000000
398,6/4/2020,TOKO SUPARNO (SMS),GULA,10000,120000000
399,6/4/2020,TOKO APO,GULA,10000,120000000
400,6/4/2020,TOKO SUYONO (BINTANG KAPUAS),GULA,8000,96000000
401,6/4/2020,TOKO NURDIAH ,BERAS,950,9331850
402,6/4/2020,TOKO NURDIAH ,GULA,5000,60000000
403,6/4/2020,TOKO NURDIAH ,MIGOR,240,2964000
404,6/4/2020,TOKO NURDIAH ,TEPUNG,60,480000
405,6/4/2020,TOKO MUNIR,BERAS,1250,12278750
406,6/4/2020,TOKO MUNIR,GULA,500,6000000
407,6/4/2020,TOKO ABANG HERIYANSYAH ,BERAS,1500,14734500
408,6/4/2020,TOKO ABANG HERIYANSYAH ,GULA,900,10800000
409,6/4/2020,TOKO ABANG HERIYANSYAH ,MIGOR,600,7410000
410,6/4/2020,TOKO ABANG HERIYANSYAH ,TEPUNG,300,2400000
411,6/4/2020,TOKO KOTABARU,BERAS,2500,24557500
412,6/4/2020,TOKO KOTABARU,GULA,8500,102000000
413,6/4/2020,SAHABAT ANDA,BERAS,800,7858400
414,6/4/2020,SAHABAT ANDA,GULA,2550,30600000
415,6/4/2020,SAHABAT ANDA,MIGOR,180,2223000
416,6/4/2020,SAHABAT ANDA,TEPUNG,160,1280000
417,6/5/2020,Warung Nak Zihan,BERAS,1250,12278750
418,6/5/2020,Warung Nak Zihan,GULA,5050,60600000
419,6/5/2020,TOKO FAHRI,BERAS,1000,9823000
420,6/5/2020,TOKO FAHRI,GULA,2000,24000000
421,6/5/2020,TOKO ABIZAR,BERAS,1500,14734500
422,6/5/2020,TOKO ABIZAR,GULA,4750,57000000
423,6/5/2020,TOKO TOPIN,BERAS,850,8349550
424,6/5/2020,TOKO TOPIN,GULA,1250,15000000
425,6/5/2020,TOKO SIDAK,BERAS,500,4911500
426,6/5/2020,TOKO SIDAK,GULA,950,11400000
427,6/5/2020,TOKO BOB-i,BERAS,500,4911500
428,6/5/2020,TOKO BOB-i,GULA,3500,42000000
429,6/5/2020,TOKO ARI YANTO ,GULA,1000,12000000
430,6/5/2020,TOKO BERKAT USAHA,GULA,9550,114600000
431,6/5/2020,TOKO SUYONO (BINTANG KAPUAS),GULA,13000,156000000
432,6/8/2020,TPK PASAR JUNJUNG BUIH,GULA,1850,22200000
433,6/8/2020,TOKO SUPARNO (SMS),GULA,13000,156000000
434,6/8/2020,TOKO APO,GULA,6500,78000000
435,6/9/2020,TOKO JAYA SENTOSA,GULA,3500,42000000
436,6/9/2020,TOKO AMI,GULA,1300,15600000
437,6/9/2020,TOKO SYAMSUDIN (INTAN MART),GULA,2000,24000000
438,6/9/2020,TOKO M. DJAFARI (AFAR 99),GULA,1400,16800000
439,6/9/2020,TOKO BAS JAYA,GULA,2550,30600000
440,6/9/2020,TOKO ALIKA,GULA,1450,17400000
441,6/9/2020,TOKO ARDO,GULA,4300,51600000
442,6/9/2020,TOKO MAJU TERUS,GULA,2150,25800000
443,6/9/2020,TOKO ALIF,GULA,1150,13800000
444,6/10/2020,TOKO SYUHAINI,GULA,2950,35400000
445,6/10/2020,TOKO SYUHAINI,MIGOR,120,1482000
446,6/10/2020,TOKO SYUHAINI,TEPUNG,100,800000
447,6/10/2020,TOKO BERKAT USAHA,GULA,7450,89400000
448,6/10/2020,TOKO APO,GULA,10000,120000000
449,6/10/2020,TOKO YOGI,GULA,1050,12600000
450,6/10/2020,TOKO YOGI,MIGOR,132,1630200
451,6/10/2020,TOKO YOGI,TEPUNG,160,1280000
452,6/10/2020,TOKO AQIL,GULA,6900,82800000
453,6/10/2020,TOKO DEB,GULA,6500,78000000
454,6/10/2020,TOKO DIDIK PRIOJADMIKO ,BERAS,4000,42000000
455,6/10/2020,TOKO SUKARDI ,BERAS,5000,52500000
456,6/10/2020,TOKO RUDY ,BERAS,5000,52500000
457,6/10/2020,TOKO ABANG HERIYANSYAH ,BERAS,3000,31500000
458,6/10/2020,TOKO APRIYANTO ,BERAS,3010,31605000
459,6/10/2020,TOKO AHMAD PUTRA ,BERAS,2000,21000000
460,6/19/2020,TOKO RIZKI SAKYAH,BERAS,1500,15300000
461,6/19/2020,TOKO RIZKI SAKYAH,BERAS,1150,11296450
462,6/19/2020,TOKO RIZKI SAKYAH,TEPUNG,40,320000
463,6/19/2020,SAHABAT ANDA,BERAS,1300,13260000
464,6/19/2020,SAHABAT ANDA,BERAS,1100,10805300
465,6/19/2020,SAHABAT ANDA,TEPUNG,80,640000
466,6/19/2020,TOKO DARKUM KOPERASI DISPERINDAG ,BERAS,1230,12546000
467,6/19/2020,TOKO DARKUM KOPERASI DISPERINDAG ,BERAS,1000,9823000
468,6/19/2020,TOKO DARKUM KOPERASI DISPERINDAG ,TEPUNG,100,800000
469,6/19/2020,TOKO TOPIN,BERAS,1100,11220000
470,6/19/2020,TOKO TOPIN,BERAS,950,9331850
471,6/19/2020,TOKO IRVA,BERAS,950,9690000
472,6/19/2020,TOKO IRVA,BERAS,800,7858400
473,6/19/2020,TOKO HERUNIAWATI,BERAS,1300,13260000
474,6/19/2020,TOKO HERI HARYANTO ,BERAS,1000,10500000
475,6/19/2020,TOKO SIMON SUMARDI ,BERAS,1000,10500000
476,6/19/2020,TOKO DAVIS SUKA ,BERAS,1500,15750000
477,6/19/2020,TOKO DIANA RISTA ,BERAS,4000,42000000
478,6/19/2020,TOKO ABANG HERIYANSYAH ,BERAS,2000,21000000
479,6/19/2020,TOKO AMRAN ,BERAS,500,5250000
480,6/19/2020,TOKO ASEP SAFRUDIN ,BERAS,500,5250000
481,6/19/2020,TOKO DWIANA MARYATI ,BERAS,1100,11550000
482,6/19/2020,TOKO SOFIAN ,BERAS,3000,31500000
483,6/19/2020,TOKO PESSY MIAR ,BERAS,4000,42000000
484,6/19/2020,TOKO SRI MASMIDAH ,BERAS,5000,52500000
485,6/19/2020,TOKO ISNANI SITI RAFIAH ,BERAS,1000,10500000
486,6/19/2020,TOKO ANDREAS INDAH ,BERAS,5000,52500000
487,6/19/2020,TOKO DEWI AFRITA ,BERAS,5000,52500000
488,6/19/2020,TOKO FEBRIANTI INDAH LESTARI ,BERAS,2000,21000000
489,6/19/2020,TOKO KHET MEN ,BERAS,2500,26250000
490,6/19/2020,TOKO YENNI SUSILAWATI ,BERAS,1000,10500000
491,6/19/2020,TOKO SARDIYANTO ,BERAS,1000,10500000
492,6/19/2020,TOKO GATOT SUBROTO ,BERAS,500,5250000
493,6/19/2020,TOKO KARDI ,BERAS,1500,15750000
494,6/22/2020,TOKO SYAMSUDIN (INTAN MART),GULA,4000,47200000
495,6/22/2020,TOKO SUPARNO (SMS),GULA,5000,59000000
496,6/22/2020,TOKO ALIKA,GULA,100,1180000
497,6/22/2020,TOKO M. DJAFARI (AFAR 99),GULA,3000,35400000
498,6/22/2020,TOKO SIGID PAMBUDI ,GULA,600,7080000
499,6/22/2020,TOKO AQIL,GULA,100,1180000
500,6/23/2020,HOLIDAY MART,GULA,2500,29500000
501,6/23/2020,TOKO ABIZAR,GULA,500,5900000
502,6/23/2020,TOKO ALIKA,BERAS,450,4590000
503,6/23/2020,TOKO ALIKA,BERAS,50,491150
504,6/23/2020,YAYASAN KESEJAHTERAAN PEGAWAI (YKP) BNI,BERAS,190,2280000
505,6/23/2020,YAYASAN KESEJAHTERAAN PEGAWAI (YKP) BNI,BERAS,76,1748000
506,6/24/2020,PT. BANK RAKYAT INDONESIA (PERSERO) Tbk.,BERAS,300,3600000
507,6/24/2020,PT. BANK RAKYAT INDONESIA (PERSERO) Tbk.,BERAS,60,1380000
508,6/24/2020,TOKO M. DJAFARI (AFAR 99),GULA,1150,13570000
509,6/25/2020,PT. BANK RAKYAT INDONESIA (PERSERO) Tbk.,BERAS,675,8100000
510,6/25/2020,PT. BANK RAKYAT INDONESIA (PERSERO) Tbk.,BERAS,135,3105000
511,6/26/2020,TOKO DARKUM KOPERASI DISPERINDAG ,GULA,2000,23600000
512,6/26/2020,TOKO SYUHAINI,GULA,300,3540000
513,6/26/2020,TOKO BU YULI,BERAS,570,5814000
514,6/29/2020,TOKO ALEXANDER Y. ,BERAS,1000,10500000
515,6/29/2020,TOKO ARI YANTO ,BERAS,4000,42000000
516,6/29/2020,TOKO AGUSTINUS ,BERAS,5000,52500000
517,6/29/2020,TOKO HENI LAY ,BERAS,1000,10500000
518,6/29/2020,TOKO SRI MASMIDAH ,BERAS,5000,52500000
519,6/29/2020,TOKO SIGID PAMBUDI ,BERAS,1000,10500000
520,6/29/2020,TOKO URAI INA KURNIA ,BERAS,2000,21000000
521,6/29/2020,TOKO JESAYA GINTING ,BERAS,2500,26250000
522,6/29/2020,TOKO KIAN KIONG ,BERAS,1000,10500000
523,7/1/2020,TOKO ARDO,BERAS,380,3876000
524,7/1/2020,TOKO ARDO,GULA,600,7080000
525,7/6/2020,TOKO BERKAH DUA PUTRA,BERAS,105,1102500
526,7/6/2020,TOKO BERKAH DUA PUTRA,BERAS,750,7650000
527,7/6/2020,TOKO BERKAH DUA PUTRA,BERAS,300,2946900
528,7/6/2020,TOKO BERKAH DUA PUTRA,GULA,50,590000
529,7/7/2020,TOKO KHET MEN ,BERAS,1000,10500000
530,7/7/2020,TOKO JESAYA GINTING ,BERAS,2000,21000000
531,7/7/2020,TOKO GATOT SUBROTO ,BERAS,500,5250000
532,7/7/2020,TOKO ENDANG RASMINI ,BERAS,1000,10500000
533,7/7/2020,TOKO BUNAWI ,BERAS,1200,12600000
534,7/7/2020,TOKO ARI YANTO ,BERAS,3000,31500000
535,7/7/2020,TOKO EKO BUDI WINASIS ,BERAS,380,3990000
536,7/8/2020,TOKO SYUHAINI,BERAS,470,4794000
537,7/8/2020,TOKO SYUHAINI,GULA,350,4130000
538,7/10/2020,TOKO MAJU TERUS,GULA,1900,22420000
539,7/13/2020,TOKO BUNGUR,BERAS,100,1050000
540,7/13/2020,TOKO BUNGUR,BERAS,150,1473450
541,7/13/2020,TOKO BUNGUR,BERAS,29,667000
542,7/13/2020,TOKO BUNGUR,GULA,50,590000
543,7/13/2020,TOKO PESSY MIAR ,BERAS,4000,42000000
544,7/13/2020,TOKO ASUN ,BERAS,1500,15750000
545,7/13/2020,TOKO SILVIANA ,BERAS,2000,21000000
546,7/13/2020,TOKO JUANTI ,BERAS,2000,21000000
547,7/13/2020,TOKO IDAWATI ,BERAS,200,2100000
548,7/13/2020,TOKO MIKA ERNAWATI ,BERAS,350,3675000
549,7/13/2020,TOKO HERU SUSANTO ,BERAS,6000,63000000
550,7/13/2020,TOKO ALFONSO ,BERAS,5000,52500000
551,7/13/2020,TOKO IGNASIUS SUNARNO ,BERAS,5000,52500000
552,7/13/2020,TOKO FEBRIANTI INDAH LESTARI ,BERAS,1000,10500000
553,7/13/2020,TOKO BUNAWI ,BERAS,460,4830000
554,7/13/2020,TOKO AIDI K.,BERAS,50000,510000000
555,7/14/2020,TOKO KHET MEN ,BERAS,3000,31500000
556,7/14/2020,TOKO ACAP ,BERAS,1500,15750000
557,7/14/2020,TOKO ENDANG HARTATI ,BERAS,1500,15750000
558,7/14/2020,TOKO BUNAWI ,BERAS,1500,15750000
559,7/14/2020,TOKO SUKARDI ,BERAS,1800,18900000
560,7/17/2020,TOKO KIAN KIONG ,BERAS,1000,10485000
561,7/17/2020,TOKO PRAYOGA ,BERAS,2000,20970000
562,7/17/2020,TOKO ISNANI SITI RAFIAH ,BERAS,1000,10485000
563,7/17/2020,TOKO SIGID PAMBUDI ,BERAS,1500,15727500
564,7/17/2020,TOKO SARDIYANTO ,BERAS,1500,15727500
565,7/17/2020,TOKO ENDANG HARTATI ,BERAS,1000,10485000
566,7/17/2020,TOKO ANDREAS INDAH ,BERAS,7000,73395000
567,7/17/2020,TOKO BUNAWI ,BERAS,100,1048500
568,7/17/2020,TOKO KARDI ,BERAS,1500,15727500
569,7/17/2020,TOKO HENI LAY ,BERAS,1000,10485000
570,7/17/2020,TOKO ALEXANDER Y. ,BERAS,1000,10485000
571,7/17/2020,TOKO HERI HARYANTO ,BERAS,1000,10485000
572,7/17/2020,TOKO FATMAWATI ,BERAS,1500,15727500
573,7/17/2020,TOKO HERMANSYAH ,BERAS,300,3145500
574,7/17/2020,TOKO SOFIAN ,BERAS,2000,20970000
575,7/17/2020,TOKO NURDIAH ,BERAS,1500,15727500
576,7/17/2020,TOKO MAJU TERUS,BERAS,1550,15538750
577,7/20/2020,TOKO YENNI SUSILAWATI ,BERAS,1500,15727500
578,7/20/2020,TOKO PANISITAWATI HERMINA PAULA ,BERAS,3500,36697500
579,7/20/2020,TOKO DEWI AFRITA ,BERAS,5000,52425000
580,7/20/2020,TOKO ENDANG HARTATI ,BERAS,2000,20970000
581,7/20/2020,TOKO JESAYA GINTING ,BERAS,2500,26212500
582,7/20/2020,TOKO BUNAWI ,BERAS,760,7968600
583,7/20/2020,TOKO SUMARSONO ,BERAS,5000,52425000
584,7/21/2020,TOKO ARDO,BERAS,1400,14035000
585,7/21/2020,TOKO ARDO,GULA,450,5310000
586,7/21/2020,TOKO BUNAWI ,BERAS,180,1887300
587,7/21/2020,TOKO ARI YANTO ,BERAS,5000,52425000
588,7/21/2020,TOKO ALEXANDER Y. ,BERAS,1000,10485000
589,7/21/2020,TOKO APRIYANTO ,BERAS,2500,26212500
590,7/21/2020,TOKO HENDRA. S ,BERAS,1000,10485000
591,7/21/2020,TOKO DAVIS SUKA ,BERAS,1500,15727500
592,7/21/2020,TOKO DWIANA MARYATI ,BERAS,700,7339500
593,7/21/2020,TOKO SUNDARIANTO ,BERAS,500,5242500
594,7/21/2020,TOKO AMRAN ,BERAS,500,5242500
595,7/21/2020,YAYASAN KESEJAHTERAAN PEGAWAI (YKP) BNI,BERAS,180,2160000
596,7/21/2020,YAYASAN KESEJAHTERAAN PEGAWAI (YKP) BNI,BERAS,72,1656000
597,7/28/2020,TOKO BERKAH DUA PUTRA,TEPUNG,200,1600000
598,7/28/2020,TOKO ABANG HERIYANSYAH ,BERAS,4500,47182500
599,7/28/2020,TOKO AGUSTINUS ,BERAS,6000,62910000
600,8/4/2020,TOKO APO,TEPUNG,700,5600000
601,8/11/2020,TOKO BU YULI,BERAS,150,1571250
602,8/11/2020,TOKO BU YULI,BERAS,1500,15285000
603,8/11/2020,TOKO SIDAK,BERAS,100,1047500
604,8/11/2020,TOKO SIDAK,BERAS,1200,12228000
605,8/11/2020,TOKO ABIZAR,BERAS,100,1047500
606,8/11/2020,TOKO ABIZAR,BERAS,1100,11209000
607,8/11/2020,TOKO BUNGUR,BERAS,100,1047500
608,8/11/2020,TOKO BUNGUR,BERAS,1020,10393800
609,8/11/2020,TOKO BUNGUR,BERAS,1100,10809700
610,8/11/2020,TOKO BUNGUR,GULA,250,2950000
611,8/11/2020,TOKO FAKHLI HARUDI ,BERAS,17000,178245000
612,8/11/2020,TOKO IMIN ,BERAS,1500,15727500
613,8/11/2020,TOKO SRI MASMIDAH ,BERAS,9000,94365000
614,8/11/2020,TOKO PESSY MIAR ,BERAS,12000,125820000
615,8/11/2020,TOKO LINA ,BERAS,4000,41940000
616,8/11/2020,TOKO IIP KUSPOYO ,BERAS,2000,20970000
617,8/11/2020,TOKO NURFADILAH ,BERAS,2470,25897950
618,8/11/2020,TOKO ISNANI SITI RAFIAH ,BERAS,2000,20970000
619,8/11/2020,TOKO ABANG HERIYANSYAH ,BERAS,1500,15727500
620,8/11/2020,TOKO EKA SAPUTRA JAYA ,BERAS,1800,18873000
621,8/11/2020,TOKO SUBIANTO ,BERAS,1500,15727500
622,8/11/2020,TOKO MARDIUS ,BERAS,1500,15727500
623,8/11/2020,TOKO DAVIS SUKA ,BERAS,1500,15727500
624,8/11/2020,TOKO SILVIANA ,BERAS,2000,20970000
625,8/11/2020,TOKO FLORENTINA ,BERAS,1000,10485000
626,8/11/2020,TOKO FATMAWATI ,BERAS,1500,15727500
627,8/11/2020,TOKO APRIYANTO ,BERAS,2500,26212500
628,8/11/2020,TOKO SIMON SUMARDI ,BERAS,1300,13630500
629,8/11/2020,TOKO ARI YANTO ,BERAS,1800,18873000
630,8/11/2020,TOKO ALFONSO ,BERAS,6000,62910000
631,8/11/2020,TOKO ANDREAS INDAH ,BERAS,3130,32818050
632,8/12/2020,SAHABAT ANDA,BERAS,3,69000
633,8/12/2020,SAHABAT ANDA,GULA,200,2360000
634,8/12/2020,SAHABAT ANDA,TEPUNG,80,666080
635,8/14/2020,TOKO IGNASIUS SUNARNO ,BERAS,12000,125820000
636,8/14/2020,TOKO KARDI ,BERAS,2300,24115500
637,8/14/2020,TOKO BUNAWI ,BERAS,3000,31455000
638,8/14/2020,TOKO YAKOB ,BERAS,6000,62910000
639,8/14/2020,TOKO DEWI AFRITA ,BERAS,5500,57667500
640,8/14/2020,TOKO HERU SUSANTO ,BERAS,6000,62910000
641,8/14/2020,TOKO FEBRIANTI INDAH LESTARI ,BERAS,1200,12582000
642,8/14/2020,YAYASAN KESEJAHTERAAN PEGAWAI (YKP) BNI,BERAS,185,2220000
643,8/14/2020,YAYASAN KESEJAHTERAAN PEGAWAI (YKP) BNI,BERAS,74,1702000
644,8/19/2020,TOKO RIZKI SAKYAH,BERAS,350,3666250
645,8/19/2020,TOKO RIZKI SAKYAH,BERAS,1000,9827000
646,8/19/2020,TOKO RIZKI SAKYAH,GULA,150,1770000
647,8/24/2020,TOKO SIDAK,BERAS,65,680875
648,8/24/2020,TOKO SIDAK,BERAS,1000,10190000
649,8/24/2020,TOKO SIDAK,TEPUNG,20,166520
650,8/24/2020,TOKO FEBRIANTI INDAH LESTARI ,BERAS,1500,15727500
651,8/24/2020,TOKO KIAN KIONG ,BERAS,1000,10485000
652,8/24/2020,TOKO SARDIYANTO ,BERAS,2000,20970000
653,8/24/2020,TOKO DWI SUSILO ,BERAS,2000,20970000
654,8/24/2020,TOKO ENDANG RASMINI ,BERAS,1000,10485000
655,8/24/2020,TOKO URAI INA KURNIA ,BERAS,2500,26212500
656,8/26/2020,TOKO DEWI AFRITA ,BERAS,4000,41940000
657,8/27/2020,TOKO ANDREAS INDAH ,BERAS,2570,26946450
658,8/27/2020,Warung Nak Zihan,BERAS,1000,10355000
659,8/27/2020,Warung Nak Zihan,BERAS,150,1474050
660,8/27/2020,Warung Nak Zihan,GULA,50,590000
661,8/28/2020,TOKO FEBRIANTI INDAH LESTARI ,BERAS,1000,10485000
662,8/28/2020,TOKO BUNGUR,BERAS,160,1688000
663,8/28/2020,TOKO BUNGUR,BERAS,1150,11301050
664,8/28/2020,TOKO BUNGUR,GULA,50,590000
665,8/31/2020,TOKO DEWI AFRITA ,BERAS,1500,15727500
666,8/31/2020,TOKO ABIZAR,BERAS,100,1019000
667,8/31/2020,TOKO ARDO,BERAS,310,3270500
668,8/31/2020,TOKO ARDO,GULA,150,1770000
669,9/7/2020,TOKO MAJU TERUS,GULA,300,3540000
670,9/9/2020,TOKO IRVA,BERAS,600,6330000
671,9/9/2020,TOKO BOB-i,BERAS,900,9122400
672,9/9/2020,TOKO ISNANI SITI RAFIAH ,BERAS,2000,21590000
673,9/9/2020,TOKO ENDANG HARTATI ,BERAS,2000,21590000
674,9/9/2020,TOKO URAI INA KURNIA ,BERAS,2000,21590000
675,9/9/2020,TOKO KHET MEN ,BERAS,1000,10795000
676,9/10/2020,Warung Nak Zihan,BERAS,750,8088750
677,9/10/2020,Warung Nak Zihan,BERAS,150,1582500
678,9/14/2020,TOKO BU YULI,BERAS,250,2637500
679,9/14/2020,TOKO BU YULI,BERAS,100,1013600
680,9/14/2020,TOKO IDAWATI ,BERAS,210,2266950
681,9/14/2020,TOKO SILVIANA ,BERAS,1500,16192500
682,9/14/2020,TOKO AGUSTINUS ,BERAS,3000,32385000
683,9/14/2020,TOKO ASEP SAFRUDIN ,BERAS,400,4318000
684,9/14/2020,TOKO SUNDARIANTO ,BERAS,400,4318000
685,9/14/2020,TOKO IMIN ,BERAS,4000,43180000
686,9/14/2020,TOKO JUANTI ,BERAS,1500,16192500
687,9/14/2020,TOKO PRAYOGA ,BERAS,2000,21590000
688,9/14/2020,TOKO YAKOB ,BERAS,6000,64770000
689,9/14/2020,TOKO DEWI AFRITA ,BERAS,5500,59372500
690,9/14/2020,TOKO SUKARDI ,BERAS,1800,19431000
691,9/14/2020,TOKO DIDIK PRIOJADMIKO ,BERAS,1500,16192500
692,9/14/2020,TOKO SITI CHOMSAH ,BERAS,300,3238500
693,9/14/2020,TOKO BUNAWI ,BERAS,2500,26987500
694,9/15/2020,TOKO ARI YANTO ,BERAS,1800,19431000
695,9/15/2020,TOKO AMRAN ,BERAS,250,2698750
696,9/15/2020,TOKO NURFADILAH ,BERAS,1300,14033500
697,9/15/2020,TOKO ENDANG HARTATI ,BERAS,2000,21590000
698,9/16/2020,TOKO ALEXANDER Y. ,BERAS,1500,16192500
699,9/16/2020,TOKO HERMANSYAH ,BERAS,500,5397500
700,9/16/2020,TOKO ENDANG SUSILAWATI ,BERAS,12000,129540000
701,9/16/2020,TOKO HERMANTO ,BERAS,2500,26987500
702,9/16/2020,TOKO SARDIYANTO ,BERAS,2000,21590000
703,9/17/2020,TOKO USAHA ,BERAS,950,9951250
704,9/17/2020,TOKO USAHA ,BERAS,150,1474050
705,9/17/2020,TOKO BU YULI,BERAS,2500,26375000
706,9/21/2020,TOKO ABIZAR,BERAS,850,8352950
707,9/22/2020,TOKO SUKARDI ,BERAS,1800,18873000
708,9/22/2020,TOKO DWI SUSILO ,BERAS,1600,16776000
709,9/22/2020,TOKO YENNI SUSILAWATI ,BERAS,1500,15727500
710,9/22/2020,TOKO SIMON SUMARDI ,BERAS,1200,12582000
711,9/22/2020,TOKO EKO BUDI WINASIS ,BERAS,240,2516400
712,9/22/2020,YAYASAN KESEJAHTERAAN PEGAWAI (YKP) BNI,BERAS,190,2280000
713,9/22/2020,YAYASAN KESEJAHTERAAN PEGAWAI (YKP) BNI,BERAS,76,1748000
714,9/23/2020,TOKO DWIANA MARYATI ,BERAS,800,8636000
715,9/23/2020,TOKO AHMAD PUTRA ,BERAS,250,2698750
716,9/23/2020,TOKO APRIYANTO ,BERAS,3000,32535000
717,9/23/2020,TOKO FATMAWATI ,BERAS,1000,10845000
718,9/23/2020,TOKO NURDIAH ,BERAS,1000,10845000
719,9/23/2020,TOKO SIMUS ,BERAS,500,5422500
720,9/23/2020,TOKO SOFIAN ,BERAS,2000,21690000
721,9/23/2020,TOKO IIP KUSPOYO ,BERAS,170,1843650
722,9/28/2020,TOKO FEBRIANTI INDAH LESTARI ,BERAS,1500,15727500
723,9/28/2020,TOKO PRAYOGA ,BERAS,2000,20970000
724,9/28/2020,TOKO YULIANA ,BERAS,3500,36697500
725,9/28/2020,TOKO EKO BUDI WINASIS ,BERAS,160,1677600
726,9/28/2020,TOKO FLORENTINA ,BERAS,500,5242500
727,9/28/2020,TOKO RUSMALA ,BERAS,500,5242500
728,9/28/2020,TOKO AGUSTINUS ,BERAS,2000,20970000
729,9/28/2020,TOKO QOYIM MASYAHARI ,BERAS,500,5242500
730,9/28/2020,TOKO AHMAD PUTRA ,BERAS,230,2411550
731,9/28/2020,TOKO IIP KUSPOYO ,BERAS,810,8492850
732,9/29/2020,TOKO SUKA SUKA,BERAS,1100,11149600
733,9/29/2020,TOKO SUKA SUKA,DAGING,100,8816000
734,9/29/2020,TOKO BERKAH DUA PUTRA,BERAS,630,6646500
735,9/29/2020,TOKO BERKAH DUA PUTRA,BERAS,500,5064000
736,10/5/2020,TOKO HANAFI,BERAS,220,2321000
737,10/5/2020,TOKO HANAFI,BERAS,50,506400
738,10/5/2020,TOKO HANAFI,DAGING,40,3526400
739,10/5/2020,TOKO DIDIK PRIOJADMIKO ,BERAS,1500,15727500
740,10/5/2020,TOKO URAI INA KURNIA ,BERAS,2300,24115500
741,10/5/2020,TOKO DEWI AFRITA ,BERAS,1500,15727500
742,10/5/2020,TOKO ARI YANTO ,BERAS,1800,18873000
743,10/5/2020,TOKO ALEXANDER Y. ,BERAS,1000,10485000
744,10/5/2020,TOKO JUANTI ,BERAS,800,8388000
745,10/5/2020,TOKO APRIYANTO ,BERAS,300,3145500
746,10/5/2020,TOKO HENDRA. S ,BERAS,1000,10485000
747,10/7/2020,TOKO KOPERASI KONSUMEN SYARIAH BERKAH BERSEMI,BERAS,270,2848500
748,10/7/2020,TOKO ENDANG SUSILAWATI ,BERAS,5900,61861500
749,10/7/2020,TOKO MIKA ERNAWATI ,BERAS,650,6815250
750,10/7/2020,TOKO MUHAMMAD RONI ,BERAS,400,4194000
751,10/7/2020,TOKO EKA SAPUTRA JAYA ,BERAS,1000,10485000
752,10/7/2020,TOKO ASUN ,BERAS,1500,15727500
753,10/7/2020,TOKO MOMONG ALPINA ,BERAS,500,5242500
754,10/12/2020,ANAPSA,BERAS,350,3692500
755,10/12/2020,ANAPSA,BERAS,1000,10128000
756,10/12/2020,ANAPSA,GULA,50,590000
757,10/12/2020,ANAPSA,DAGING,25,2204000
758,10/12/2020,TOKO BUNAWI ,BERAS,2500,26212500
759,10/12/2020,TOKO DWI SUSILO ,BERAS,1100,11533500
760,10/12/2020,TOKO DEWI AFRITA ,BERAS,4000,41940000
761,10/12/2020,TOKO IDAWATI ,BERAS,210,2201850
762,10/12/2020,TOKO AMRAN ,BERAS,300,3145500
763,10/12/2020,TOKO IMIN ,BERAS,2000,20970000
764,10/15/2020,TOKO SIMON SUMARDI ,BERAS,1300,13630500
765,10/15/2020,TOKO NURFADILAH ,BERAS,2000,20970000
766,10/15/2020,TOKO ASEP SAFRUDIN ,BERAS,200,2097000
767,10/15/2020,TOKO DEWI AFRITA ,BERAS,2000,20970000
768,10/15/2020,TOKO ENDANG HARTATI ,BERAS,1500,15727500
769,10/15/2020,TOKO BERKAH DUA PUTRA,BERAS,280,2954000
770,10/15/2020,TOKO BERKAH DUA PUTRA,GULA,50,590000
771,10/15/2020,TOKO BERKAH DUA PUTRA,DAGING,25,2204000
772,10/15/2020,TOKO BERKAH DUA PUTRA,MIGOR,300,3847800
773,10/15/2020,TOKO BERKAH DUA PUTRA,TEPUNG,100,832600
774,10/15/2020,TOKO MAJU TERUS,MIGOR,300,3847800
775,10/15/2020,TOKO MAJU TERUS,TEPUNG,100,832600
776,10/15/2020,TOKO SIDAK,MIGOR,300,3847800
777,10/15/2020,TOKO SIDAK,TEPUNG,100,832600
778,10/15/2020,SAHABAT ANDA,MIGOR,300,3847800
779,10/15/2020,SAHABAT ANDA,TEPUNG,100,832600
780,10/16/2020,TOKO NURFADILAH ,MIGOR,200,2565200
781,10/16/2020,TOKO NURFADILAH ,TEPUNG,140,1165640
782,10/16/2020,TOKO BUNAWI ,MIGOR,400,5130400
783,10/16/2020,TOKO BUNAWI ,TEPUNG,100,832600
784,10/16/2020,TOKO EKO BUDI WINASIS ,BERAS,210,2201850
785,10/16/2020,TOKO YENNI SUSILAWATI ,BERAS,2000,20970000
786,10/16/2020,TOKO ENDANG SUSILAWATI ,BERAS,3000,31455000
787,10/16/2020,TOKO YAKOB ,BERAS,2000,20970000
788,10/20/2020,TOKO SIMON SUMARDI ,DAGING,50,4408000
789,10/20/2020,TOKO SIMON SUMARDI ,MIGOR,600,7695600
790,10/20/2020,TOKO SIMON SUMARDI ,TEPUNG,100,832600
791,10/20/2020,TOKO ARI YANTO ,MIGOR,600,7695600
792,10/20/2020,TOKO ARI YANTO ,TEPUNG,100,832600
793,10/20/2020,TOKO ALEXANDER Y. ,BERAS,1500,16267500
794,10/20/2020,TOKO YULIANA ,BERAS,3510,38065950
795,10/20/2020,TOKO HENI LAY ,BERAS,500,5422500
796,10/20/2020,TOKO SUBIANTO ,BERAS,210,2277450
797,10/20/2020,TOKO SUNDARIANTO ,BERAS,400,4338000
798,10/20/2020,TOKO EKO BUDI WINASIS ,BERAS,170,1843650
799,10/20/2020,TOKO DIDIK PRIOJADMIKO ,BERAS,1500,16267500
800,10/20/2020,TOKO HERMANTO ,BERAS,2990,32426550
801,10/22/2020,TOKO MOMONG ALPINA ,MIGOR,600,7695600
802,10/22/2020,TOKO MOMONG ALPINA ,TEPUNG,20,166520
803,10/22/2020,TOKO EKA SAPUTRA JAYA ,MIGOR,360,4617360
804,10/22/2020,TOKO EKA SAPUTRA JAYA ,TEPUNG,40,333040
805,10/23/2020,TOKO FEBRIANTI INDAH LESTARI ,BERAS,1470,15868650
806,10/23/2020,TOKO KHET MEN ,BERAS,1000,10795000
807,10/23/2020,TOKO DWI SUSILO ,BERAS,840,9067800
808,10/23/2020,TOKO GERRY GUMILANG ,BERAS,2000,21590000
809,10/23/2020,TOKO DWIANA MARYATI ,BERAS,500,5397500
810,10/23/2020,TOKO SOFIAN ,BERAS,2000,21590000
811,10/23/2020,TOKO IIP KUSPOYO ,BERAS,1000,10795000
812,10/26/2020,TOKO PRAYOGA ,BERAS,5000,53975000
813,10/26/2020,TOKO IMIN ,BERAS,1000,10795000
814,10/26/2020,TOKO JUANTI ,BERAS,1700,18351500
815,10/26/2020,YAYASAN KESEJAHTERAAN PEGAWAI (YKP) BNI,BERAS,185,2220000
816,10/26/2020,YAYASAN KESEJAHTERAAN PEGAWAI (YKP) BNI,BERAS,74,1702000
817,11/4/2020,TOKO BUNGUR,BERAS,100,1076500
818,11/4/2020,TOKO BUNGUR,BERAS,700,7339500
819,11/4/2020,TOKO BUNGUR,GULA,150,1770000
820,11/4/2020,TOKO BUNGUR,DAGING,80,7052800
821,11/4/2020,TOKO BUNGUR,MIGOR,40,513040
822,11/6/2020,TOKO BU YULI,BERAS,700,7350000
823,11/6/2020,TOKO DWI SUSILO ,BERAS,1050,11334750
824,11/6/2020,TOKO URAI INA KURNIA ,BERAS,2700,29146500
825,11/6/2020,TOKO GERRY GUMILANG ,BERAS,4000,43180000
826,11/9/2020,TOKO IRVA,BERAS,50,538250
827,11/9/2020,TOKO IRVA,BERAS,750,7863750
828,11/9/2020,TOKO IRVA,GULA,250,2950000
829,11/9/2020,TOKO IRVA,DAGING,50,4408000
830,11/9/2020,TOKO ARDO,BERAS,700,7350000
831,11/9/2020,TOKO ARDO,BERAS,200,2024000
832,11/9/2020,TOKO HERI HARYANTO ,BERAS,500,5397500
833,11/9/2020,TOKO ABANG HERIYANSYAH ,BERAS,2000,21590000
834,11/9/2020,TOKO APRIYANTO ,BERAS,2400,25908000
835,11/9/2020,TOKO DEWI AFRITA ,BERAS,2000,21590000
836,11/11/2020,TOKO ADELA,BERAS,350,3669750
837,11/11/2020,TOKO ADELA,BERAS,150,1518000
838,11/11/2020,TOKO ENDANG HARTATI ,BERAS,2000,21590000
839,11/11/2020,TOKO SILVIANA ,BERAS,1000,10795000
840,11/12/2020,TOKO IDAWATI ,BERAS,230,2481700
841,11/12/2020,TOKO APRIYANTO ,BERAS,1100,11869000
842,11/12/2020,TOKO FATMAWATI ,BERAS,1000,10790000
843,11/12/2020,TOKO IIP KUSPOYO ,BERAS,1000,10790000
844,11/12/2020,TOKO HENI LAY ,BERAS,500,5395000
845,11/13/2020,TOKO DEWI AFRITA ,BERAS,4000,43160000
846,11/13/2020,TOKO AMRAN ,BERAS,200,2158000
847,11/16/2020,TOKO YENNI SUSILAWATI ,BERAS,2000,21580000
848,11/16/2020,TOKO YULIANA ,BERAS,4000,43160000
849,11/16/2020,TOKO YAKOB ,BERAS,6000,64740000
850,11/16/2020,TOKO HERMANTO ,BERAS,4000,43160000
851,11/17/2020,TOKO ENDANG SUSILAWATI ,BERAS,8000,86320000
852,11/17/2020,TOKO ARI YANTO ,BERAS,2000,21580000
853,11/17/2020,TOKO MIKA ERNAWATI ,BERAS,450,4855500
854,11/17/2020,TOKO EKO BUDI WINASIS ,BERAS,360,3884400
855,11/17/2020,TOKO JUANTI ,BERAS,1500,16185000
856,11/17/2020,TOKO HERMANSYAH ,BERAS,300,3237000
857,11/17/2020,TOKO NURDIAH ,BERAS,300,3237000
858,11/17/2020,TOKO ASEP SAFRUDIN ,BERAS,400,4316000
859,11/17/2020,TOKO SUNDARIANTO ,BERAS,600,6474000
860,11/17/2020,TOKO NURFADILAH ,BERAS,1900,20501000
861,11/17/2020,TOKO IMIN ,BERAS,1500,16185000
862,11/18/2020,TOKO SIMON SUMARDI ,BERAS,1300,14027000
863,11/18/2020,TOKO ALEXANDER Y. ,BERAS,2250,24277500
864,11/18/2020,TOKO DWIANA MARYATI ,BERAS,250,2697500
865,11/18/2020,TOKO KHET MEN ,BERAS,500,5395000
866,11/18/2020,TOKO SARDIYANTO ,BERAS,2000,21580000
867,11/20/2020,TOKO FLORENTINA ,BERAS,500,5395000
868,11/20/2020,TOKO RUSMALA ,BERAS,400,4316000
869,11/20/2020,TOKO QOYIM MASYAHARI ,BERAS,500,5395000
870,11/20/2020,TOKO FEBRIANTI INDAH LESTARI ,BERAS,670,7232650
871,11/20/2020,TOKO DWI SUSILO ,BERAS,1150,12408500
872,11/23/2020,TOKO FEBRIANTI INDAH LESTARI ,BERAS,830,8955700
873,11/23/2020,TOKO PRAYOGA ,BERAS,5000,53950000
874,11/23/2020,TOKO ANDREAS INDAH ,BERAS,4030,43483700
875,11/23/2020,TOKO HENDRA. S ,BERAS,500,5395000
876,11/23/2020,TOKO IMIN ,BERAS,3500,37765000
877,11/24/2020,TOKO YAKOB ,BERAS,110,1186900
878,11/24/2020,TOKO ENDANG SUSILAWATI ,BERAS,4000,43160000
879,11/24/2020,TOKO GERRY GUMILANG ,BERAS,6000,64740000
880,11/24/2020,TOKO APRIYANTO ,BERAS,2000,21580000
881,11/24/2020,TOKO MUHAMMAD RONI ,BERAS,500,5395000
882,11/24/2020,TOKO ABANG HERIYANSYAH ,BERAS,4000,43160000
883,11/24/2020,TOKO AIDI K.,BERAS,12460,130643100
884,11/24/2020,TOKO BU YULI,BERAS,175,1883875
885,11/24/2020,TOKO BU YULI,BERAS,1140,11952900
886,11/24/2020,TOKO BU YULI,BERAS,600,6072000
887,11/24/2020,TOKO NURFADILAH ,GULA,1512,18144000
888,11/24/2020,TOKO NURFADILAH ,DAGING,200,17232000
889,11/24/2020,TOKO NURFADILAH ,MIGOR,60,769560
890,11/24/2020,TOKO NURFADILAH ,TEPUNG,60,499560
891,11/25/2020,TOKO AIDI K.,BERAS,33880,359771720
892,11/26/2020,TOKO AIDI K.,BERAS,17390,184664410
893,11/27/2020,TOKO ADELA,BERAS,500,5309500
894,11/27/2020,TOKO ADELA,BERAS,50,506000
895,11/27/2020,TOKO ADELA,GULA,96,1152000
896,11/27/2020,TOKO ADELA,DAGING,100,8616000
897,11/27/2020,TOKO AIDI K.,BERAS,17390,184664410
898,11/27/2020,TOKO ISNANI SITI RAFIAH ,BERAS,1500,16185000
899,12/1/2020,TOKO AIDI K.,BERAS,23480,249334120
900,12/2/2020,TOKO BERKAH DUA PUTRA,GULA,312,3744000
901,12/2/2020,TOKO BERKAH DUA PUTRA,DAGING,40,3446400
902,12/2/2020,TOKO BERKAH DUA PUTRA,MIGOR,48,615648
903,12/2/2020,TOKO BERKAH DUA PUTRA,TEPUNG,140,1165640
904,12/2/2020,TOKO AIDI K.,BERAS,18640,197938160
905,12/2/2020,TOKO AIDI K.,BERAS,25,575000
906,12/2/2020,TOKO ENDANG HARTATI ,BERAS,2000,21650000
907,12/3/2020,TOKO AMI,GULA,970,11640000
908,12/3/2020,TOKO KOPERASI KONSUMEN SYARIAH BERKAH BERSEMI,GULA,950,11400000
909,12/3/2020,TOKO AIDI K.,BERAS,520,5452200
910,12/3/2020,TOKO URAI INA KURNIA ,BERAS,2000,21650000
911,12/4/2020,TOKO AIDI K.,BERAS,10820,114897580
912,12/7/2020,TOKO DEDES,BERAS,1000,10619000
913,12/7/2020,TOKO YUSMAN DABU,GULA,168,2016000
914,12/7/2020,TOKO YUSMAN DABU,DAGING,50,4308000
915,12/7/2020,TOKO YUSMAN DABU,MIGOR,144,1846944
916,12/7/2020,TOKO YUSMAN DABU,TEPUNG,40,333040
917,12/10/2020,TOKO SIDAK,BERAS,1000,10619000
918,12/10/2020,TOKO SIDAK,GULA,48,576000
919,12/10/2020,TOKO SIDAK,DAGING,50,4308000
920,12/10/2020,TOKO SIDAK,MIGOR,36,461736
921,12/10/2020,TOKO SIDAK,TEPUNG,20,166520
922,12/15/2020,TOKO SIMON SUMARDI ,BERAS,1400,15155000
923,12/15/2020,TOKO ARI YANTO ,BERAS,2000,21650000
924,12/15/2020,TOKO HERI HARYANTO ,BERAS,700,7577500
925,12/15/2020,TOKO JUANTI ,BERAS,1500,16237500
926,12/15/2020,TOKO NURFADILAH ,BERAS,1000,10825000
927,12/15/2020,TOKO IMIN ,BERAS,3500,37887500
928,12/15/2020,TOKO SARDIYANTO ,BERAS,2000,21650000
929,12/15/2020,TOKO DWI SUSILO ,BERAS,380,4113500
930,12/15/2020,TOKO DEWI AFRITA ,BERAS,7000,75775000
931,12/15/2020,TOKO BUNAWI ,BERAS,1500,16237500
932,12/16/2020,TOKO ENDANG HARTATI ,BERAS,2000,21650000
933,12/16/2020,TOKO IDAWATI ,BERAS,230,2489750
934,12/16/2020,TOKO ASEP SAFRUDIN ,BERAS,400,4330000
935,12/16/2020,TOKO AMRAN ,BERAS,300,3247500
936,12/16/2020,TOKO HENI LAY ,BERAS,470,5087750
937,12/16/2020,TOKO SUNDARIANTO ,BERAS,400,4330000
938,12/16/2020,TOKO IIP KUSPOYO ,BERAS,1000,10825000
939,12/16/2020,TOKO AIDI K.,BERAS,1660,17627540
940,12/17/2020,TOKO EKO BUDI WINASIS ,BERAS,350,3788750
941,12/17/2020,TOKO AGUSTINUS ,BERAS,500,5412500
942,12/17/2020,TOKO QOYIM MASYAHARI ,BERAS,500,5412500
943,12/17/2020,TOKO SOFIAN ,BERAS,500,5412500
944,12/17/2020,TOKO YENNI SUSILAWATI ,BERAS,2000,21650000
945,12/17/2020,TOKO KHET MEN ,BERAS,500,5412500
946,12/17/2020,TOKO DEWI AFRITA ,BERAS,3040,32908000
947,12/17/2020,TOKO ENDANG SUSILAWATI ,BERAS,10000,108250000
948,12/18/2020,TOKO FEBRIANTI INDAH LESTARI ,BERAS,1500,16159500
949,12/18/2020,TOKO DIDIK PRIOJADMIKO ,BERAS,1800,19391400
950,12/18/2020,TOKO DWI SUSILO ,BERAS,1620,17452260
951,12/18/2020,TOKO DEWI AFRITA ,BERAS,1960,21115080
952,12/18/2020,TOKO ALEXANDER Y. ,BERAS,2250,24239250
953,12/18/2020,TOKO MIKA ERNAWATI ,BERAS,500,5386500
954,12/18/2020,TOKO APRIYANTO ,BERAS,500,5386500
955,12/18/2020,TOKO JUANTI ,BERAS,500,5386500
956,12/21/2020,TOKO ANDREAS INDAH ,BERAS,4000,43092000
957,12/21/2020,TOKO GERRY GUMILANG ,BERAS,4000,43092000
958,12/21/2020,TOKO YAKOB ,BERAS,6000,64638000
959,12/21/2020,TOKO HERMANTO ,BERAS,3500,37705500
960,12/21/2020,TOKO YULIANA ,BERAS,3500,37705500
961,12/21/2020,TOKO BU YULI,BERAS,100,1086000
962,12/21/2020,TOKO BU YULI,BERAS,1000,10619000
963,12/21/2020,TOKO BU YULI,BERAS,50,510300
964,12/21/2020,TOKO BU YULI,GULA,300,3600000
965,12/21/2020,TOKO BU YULI,DAGING,100,8616000
966,12/21/2020,TOKO BU YULI,MIGOR,400,5130400
967,12/21/2020,TOKO BU YULI,TEPUNG,40,333040
968,12/21/2020,Warung Nak Zihan,BERAS,100,1086000
969,12/21/2020,Warung Nak Zihan,BERAS,650,6902350
970,12/21/2020,Warung Nak Zihan,BERAS,100,1020600
971,12/21/2020,Warung Nak Zihan,GULA,420,5040000
972,12/21/2020,Warung Nak Zihan,DAGING,75,6462000
973,12/21/2020,Warung Nak Zihan,MIGOR,80,1026080
974,12/21/2020,Warung Nak Zihan,TEPUNG,100,832600
975,12/22/2020,TOKO IRVA,GULA,2400,28800000
976,12/22/2020,TOKO ADELA,GULA,2400,28800000
977,12/22/2020,TOKO ADELA,MIGOR,60,769560
978,12/29/2020,TOKO BERKAH DUA PUTRA,GULA,2000,24000000
979,12/29/2020,TOKO BUNGUR,GULA,1288,15456000
980,1/6/2021,TOKO ALIKA,GULA,36,432000
981,1/6/2021,TOKO ALIKA,DAGING,25,2154000
982,1/6/2021,TOKO AMI,GULA,36,432000
983,1/6/2021,TOKO AMI,DAGING,75,6462000
984,1/6/2021,TOKO AMI,DAGING,40,2806400
985,1/6/2021,TOKO KOTABARU,GULA,120,1440000
986,1/6/2021,TOKO KOTABARU,DAGING,75,6462000
987,1/6/2021,TOKO KOTABARU,BERAS,1500,15850500
988,1/11/2021,TOKO NURJANAH,GULA,96,1152000
989,1/11/2021,TOKO NURJANAH,DAGING,40,2806400
990,1/11/2021,TOKO MUNIR,BERAS,750,7925250
991,1/11/2021,SAHABAT ANDA,DAGING,150,12924000
992,1/11/2021,SAHABAT ANDA,DAGING,40,2806400
993,1/11/2021,SAHABAT ANDA,MIGOR,60,769560
994,1/14/2021,TOKO ALEXANDER Y. ,BERAS,2250,24239250
995,1/14/2021,TOKO ASEP SAFRUDIN ,BERAS,300,3231900
996,1/14/2021,TOKO AMRAN ,BERAS,300,3231900
997,1/14/2021,TOKO HERI HARYANTO ,BERAS,600,6463800
998,1/14/2021,TOKO DWIANA MARYATI ,BERAS,250,2693250
999,1/14/2021,TOKO SUNDARIANTO ,BERAS,400,4309200
1000,1/14/2021,TOKO QOYIM MASYAHARI ,BERAS,250,2693250
1001,1/14/2021,TOKO DEWI AFRITA ,BERAS,5000,53865000
1002,1/14/2021,TOKO URAI INA KURNIA ,BERAS,2000,21546000
1003,1/14/2021,TOKO IIP KUSPOYO ,BERAS,1000,10773000
1004,1/14/2021,TOKO ASUN ,BERAS,1500,16159500
1005,1/14/2021,TOKO FEBRIANTI INDAH LESTARI ,BERAS,1500,16159500
1006,1/18/2021,TOKO SULASTRI AGUSTINI,DAGING,50,4308000
1007,1/18/2021,TOKO BERKAH DUA PUTRA,MIGOR,108,1385208
1008,1/18/2021,TOKO SUPER STOCK,GULA,96,1152000
1009,1/18/2021,TOKO SIDAK,TEPUNG,20,166520
1010,1/20/2021,TOKO ARDO,DAGING,200,14032000
1011,1/20/2021,TOKO SULASTRI AGUSTINI,DAGING,140,9822400
1012,1/22/2021,TOKO DWI RETNO SAMUDRO,MIGOR,204,2616504
1013,1/22/2021,TOKO KOPERASI KONSUMEN SYARIAH BERKAH BERSEMI,GULA,72,864000
1014,1/22/2021,TOKO KOPERASI KONSUMEN SYARIAH BERKAH BERSEMI,DAGING,25,2154000
1015,1/22/2021,TOKO SYUHAINI,GULA,72,864000
1016,1/22/2021,Warung Nak Zihan,MIGOR,204,2616504
1017,1/28/2021,TOKO JERORA JAYA,BERAS,350,3699150
1018,1/28/2021,TOKO MAJU TERUS,BERAS,350,3699150
1019,1/28/2021,TOKO MAJU TERUS,TEPUNG,100,832600
1020,1/28/2021,TOKO JERORA JAYA,DAGING,25,2154000
1021,1/28/2021,TOKO JERORA JAYA,GULA,96,1152000
1022,1/28/2021,TOKO BUNAWI ,MIGOR,96,1231296
1023,2/1/2021,TOKO NURFADILAH ,MIGOR,1008,12928608
1024,2/1/2021,TOKO NURFADILAH ,DAGING,25,2154000
1025,2/1/2021,TOKO NURFADILAH ,GULA,360,4320000
1026,2/2/2021,TOKO ANDREAS INDAH ,BERAS,1750,18856250
1027,2/2/2021,TOKO JERORA JAYA,MIGOR,960,12312960
1028,2/3/2021,TOKO YUSMAN DABU,MIGOR,1200,15391200
1029,2/5/2021,TOKO MAJU TERUS,GULA,1000,12000000
1030,2/5/2021,TOKO BERKAH DUA PUTRA,DAGING,50,4308000
1031,2/5/2021,TOKO BERKAH DUA PUTRA,MIGOR,832,10671232
1032,2/5/2021,TOKO BERKAH DUA PUTRA,BERAS,800,8455200
1033,2/5/2021,TOKO MAJU TERUS,TEPUNG,80,666080
1034,2/10/2021,TOKO MUNIR,GULA,440,5280000
1035,2/16/2021,TOKO BOB-i,GULA,360,4320000
1036,2/16/2021,TOKO BUNGUR,TEPUNG,100,887600
1037,2/16/2021,TOKO AMI,DAGING,100,8616000
1038,2/16/2021,TOKO URAI INA KURNIA ,BERAS,2000,21550000
1039,2/16/2021,TOKO SARDIYANTO ,BERAS,2000,21550000
1040,2/16/2021,TOKO KHET MEN ,BERAS,500,5387500
1041,2/16/2021,TOKO ENDANG SUSILAWATI ,BERAS,6000,64650000
1042,2/16/2021,TOKO ENDANG HARTATI ,BERAS,1000,10775000
1043,2/16/2021,TOKO DEWI AFRITA ,BERAS,3000,32325000
1044,2/16/2021,TOKO BUNGUR,BERAS,1000,10569000
1045,2/17/2021,TOKO AMRAN ,BERAS,300,3232500
1046,2/17/2021,TOKO SIMON SUMARDI ,BERAS,1000,10775000
1047,2/17/2021,TOKO JUANTI ,BERAS,2000,21550000
1048,2/17/2021,TOKO HERI HARYANTO ,BERAS,700,7542500
1049,2/17/2021,TOKO SOFIAN ,BERAS,400,4310000
1050,2/17/2021,TOKO MOMONG ALPINA ,BERAS,500,5387500
1051,2/17/2021,TOKO IMIN ,BERAS,3000,32325000
1052,2/17/2021,TOKO IDAWATI ,BERAS,230,2478250
1053,2/17/2021,TOKO EKO BUDI WINASIS ,BERAS,320,3448000
1054,2/17/2021,TOKO ASEP SAFRUDIN ,BERAS,300,3232500
1055,2/19/2021,TOKO DEDES,BERAS,500,5284500
1056,2/19/2021,TOKO DEDES,DAGING,100,8616000
1057,2/22/2021,TOKO ARDO,DAGING,80,5612800
1058,2/22/2021,Warung Nak Zihan,GULA,1120,13440000
1059,2/23/2021,TOKO YAKOB ,BERAS,6000,64650000
1060,2/23/2021,TOKO ENDANG SUSILAWATI ,BERAS,6000,64650000
1061,2/23/2021,TOKO DEWI AFRITA ,BERAS,3500,37712500
1062,2/23/2021,TOKO MIKA ERNAWATI ,BERAS,500,5387500
1063,2/23/2021,TOKO ALEXANDER Y. ,BERAS,1250,13468750
1064,2/23/2021,TOKO GERRY GUMILANG ,BERAS,2350,25321250
1065,2/25/2021,TOKO BU YULI,DAGING,80,6892800
1066,3/2/2021,TOKO NURDIAH ,TEPUNG,100,887600
1067,3/2/2021,TOKO IRVA,BERAS,400,4227600
1068,3/2/2021,TOKO RIZKI SAKYAH,GULA,200,2400000
1069,3/2/2021,SAHABAT ANDA,DAGING,100,8616000
1070,3/3/2021,TOKO BU YULI,DAGING,80,5612800
1071,3/3/2021,TOKO BU YULI,BERAS,500,5284500
1072,3/9/2021,TOKO MOMONG ALPINA ,DAGING,60,5169600
1073,3/9/2021,TOKO MOMONG ALPINA ,BERAS,320,3382080
1074,3/9/2021,TOKO MOMONG ALPINA ,TEPUNG,102,905352
1075,3/9/2021,TOKO MOMONG ALPINA ,GULA,32,384000
1076,3/18/2021,TOKO ABIZAR,DAGING,35,3015600
1077,3/18/2021,TOKO ABIZAR,BERAS,50,528450
1078,3/18/2021,TOKO MAJU TERUS,DAGING,50,3508000
1079,3/18/2021,TOKO FATHULLAH ZIKRI,GULA,200,2400000
1080,3/18/2021,TOKO FATHULLAH ZIKRI,BERAS,100,1056900
1081,3/19/2021,TOKO USAHA ,BERAS,100,1056900
1082,3/19/2021,TOKO MUNIR,DAGING,40,2806400
1083,3/19/2021,TOKO MUNIR,BERAS,40,666400
1084,3/19/2021,TOKO USAHA ,DAGING,25,2154000
1085,3/22/2021,TOKO KOTABARU,BERAS,250,2642250
1086,3/22/2021,TOKO BERKAH DUA PUTRA,DAGING,25,2154000
1087,3/22/2021,TOKO BERKAH DUA PUTRA,DAGING,20,1403200
1088,3/22/2021,TOKO BOB-i,GULA,200,2400000
1089,3/22/2021,TOKO BOB-i,BERAS,100,1056900
1090,3/22/2021,TOKO KOTABARU,DAGING,10,701600
1091,3/23/2021,TOKO BUNGUR,DAGING,35,3015600
1092,3/23/2021,TOKO SIDAK,DAGING,35,3015600
1093,3/23/2021,TOKO BUNGUR,TEPUNG,50,443800
1094,3/23/2021,TOKO SULASTRI AGUSTINI,TEPUNG,60,532560
1095,3/23/2021,TOKO SULASTRI AGUSTINI,DAGING,35,3015600
1096,3/23/2021,TOKO AQIL,TEPUNG,38,337288
1097,3/23/2021,TOKO AQIL,DAGING,35,3015600
1098,3/23/2021,TOKO SIDAK,TEPUNG,50,443800
1099,3/25/2021,TOKO JERORA JAYA,GULA,160,1920000
1100,3/25/2021,TOKO AMI,DAGING,60,5169600
1101,3/25/2021,TOKO JERORA JAYA,DAGING,40,3446400
1102,3/25/2021,KARUNIA,DAGING,30,2104800
1103,3/25/2021,KARUNIA,BERAS,150,1585350
1104,3/26/2021,TOKO ANUGRAH,BERAS,500,5437500
1105,3/26/2021,TOKO ADELA,DAGING,50,4308000
1106,3/26/2021,TOKO YUSMAN DABU,DAGING,50,4308000
1107,3/26/2021,TOKO DWI RETNO SAMUDRO,DAGING,60,4209600
1108,3/26/2021,TOKO DWI RETNO SAMUDRO,BERAS,500,5437500
1109,3/26/2021,TOKO ANUGRAH,DAGING,40,2806400
1110,3/29/2021,Warung Nak Zihan,DAGING,20,1403200
1111,3/29/2021,Warung Nak Zihan,GULA,120,1440000
1112,3/29/2021,Warung Nak Zihan,BERAS,20,333200
1113,3/30/2021,TOKO HIDAYAH,BERAS,300,3262500
1114,4/5/2021,TOKO SIDAK,DAGING,80,5852800
1115,4/6/2021,TOKO BU YULI,BERAS,2000,20412000
1116,4/6/2021,TOKO GERRY GUMILANG ,BERAS,1860,20227500
1117,4/6/2021,TOKO YULIANA ,BERAS,1000,10875000
1118,4/6/2021,TOKO HERMANTO ,BERAS,6000,65250000
1119,4/6/2021,TOKO YAKOB ,BERAS,6000,65250000
1120,4/6/2021,TOKO ENDANG SUSILAWATI ,BERAS,5000,54375000
1121,4/6/2021,TOKO RIZKI SAKYAH,TEPUNG,100,887600
1122,4/6/2021,TOKO RIZKI SAKYAH,BERAS,200,2041200
1123,4/6/2021,TOKO RIZKI SAKYAH,GULA,220,2640000
1124,4/7/2021,TOKO URAI INA KURNIA ,BERAS,2000,21750000
1125,4/7/2021,TOKO YENNI SUSILAWATI ,BERAS,5000,54375000
1126,4/7/2021,TOKO FEBRIANTI INDAH LESTARI ,BERAS,3500,38062500
1127,4/7/2021,TOKO ENDANG HARTATI ,BERAS,1000,10875000
1128,4/7/2021,TOKO KHET MEN ,BERAS,1000,10875000
1129,1/6/2021,TOKO KOTABARU,BERAS,1500,15850500
1130,1/6/2021,TOKO KOTABARU,GULA,120,1440000
1131,1/6/2021,TOKO KOTABARU,DAGING,75,6462000
1132,1/6/2021,TOKO AMI,GULA,36,432000
1133,1/6/2021,TOKO AMI,DAGING,75,6462000
1134,1/6/2021,TOKO AMI,DAGING,40,2806400
1135,1/6/2021,TOKO ALIKA,GULA,36,432000
1136,1/6/2021,TOKO ALIKA,DAGING,25,2154000
1137,1/11/2021,TOKO MUNIR,BERAS,750,7925250
1138,1/11/2021,TOKO NURJANAH,GULA,96,1152000
1139,1/11/2021,TOKO NURJANAH,DAGING,40,2806400
1140,1/11/2021,SAHABAT ANDA,DAGING,150,12924000
1141,1/11/2021,SAHABAT ANDA,DAGING,40,2806400
1142,1/11/2021,SAHABAT ANDA,MIGOR,60,769560
1143,1/14/2021,TOKO ALEXANDER Y. ,BERAS,2250,24239250
1144,1/14/2021,TOKO HERI HARYANTO ,BERAS,600,6463800
1145,1/14/2021,TOKO AMRAN ,BERAS,300,3231900
1146,1/14/2021,TOKO ASEP SAFRUDIN ,BERAS,300,3231900
1147,1/14/2021,TOKO DWIANA MARYATI ,BERAS,250,2693250
1148,1/14/2021,TOKO QOYIM MASYAHARI ,BERAS,250,2693250
1149,1/14/2021,TOKO SUNDARIANTO ,BERAS,400,4309200
1150,1/14/2021,TOKO ASUN ,BERAS,1500,16159500
1151,1/14/2021,TOKO IIP KUSPOYO ,BERAS,1000,10773000
1152,1/14/2021,TOKO URAI INA KURNIA ,BERAS,2000,21546000
1153,1/14/2021,TOKO DEWI AFRITA ,BERAS,5000,53865000
1154,1/14/2021,TOKO FEBRIANTI INDAH LESTARI ,BERAS,1500,16159500
1155,1/18/2021,TOKO SULASTRI AGUSTINI,DAGING,50,4308000
1156,1/18/2021,TOKO SUPER STOCK,GULA,96,1152000
1157,1/18/2021,TOKO BERKAH DUA PUTRA,MIGOR,108,1385208
1158,1/18/2021,TOKO SIDAK,TEPUNG,20,166520
1159,1/20/2021,TOKO ARDO,DAGING,200,14032000
1160,1/20/2021,TOKO SULASTRI AGUSTINI,DAGING,140,9822400
1161,1/22/2021,TOKO DWI RETNO SAMUDRO,MIGOR,204,2616504
1162,1/22/2021,Warung Nak Zihan,MIGOR,204,2616504
1163,1/22/2021,TOKO SYUHAINI,GULA,72,864000
1164,1/22/2021,TOKO KOPERASI KONSUMEN SYARIAH BERKAH BERSEMI,GULA,72,864000
1165,1/22/2021,TOKO KOPERASI KONSUMEN SYARIAH BERKAH BERSEMI,DAGING,25,2154000
1166,1/28/2021,TOKO JERORA JAYA,BERAS,350,3699150
1167,1/28/2021,TOKO JERORA JAYA,GULA,96,1152000
1168,1/28/2021,TOKO JERORA JAYA,DAGING,25,2154000
1169,1/28/2021,TOKO MAJU TERUS,TEPUNG,100,832600
1170,1/28/2021,TOKO MAJU TERUS,BERAS,350,3699150
1171,1/28/2021,TOKO BUNAWI ,MIGOR,96,1231296
1172,2/1/2021,TOKO NURFADILAH ,MIGOR,1008,12928608
1173,2/1/2021,TOKO NURFADILAH ,GULA,360,4320000
1174,2/1/2021,TOKO NURFADILAH ,DAGING,25,2154000
1175,2/2/2021,TOKO JERORA JAYA,MIGOR,960,12312960
1176,2/2/2021,TOKO ANDREAS INDAH ,BERAS,1750,18856250
1177,2/3/2021,TOKO YUSMAN DABU,MIGOR,1200,15391200
1178,2/5/2021,TOKO MAJU TERUS,GULA,1000,12000000
1179,2/5/2021,TOKO MAJU TERUS,TEPUNG,80,666080
1180,2/5/2021,TOKO BERKAH DUA PUTRA,BERAS,800,8455200
1181,2/5/2021,TOKO BERKAH DUA PUTRA,MIGOR,832,10671232
1182,2/5/2021,TOKO BERKAH DUA PUTRA,DAGING,50,4308000
1183,2/10/2021,TOKO MUNIR,GULA,440,5280000
1184,2/16/2021,TOKO BOB-i,GULA,360,4320000
1185,2/16/2021,TOKO AMI,DAGING,100,8616000
1186,2/16/2021,TOKO BUNGUR,TEPUNG,100,887600
1187,2/16/2021,TOKO BUNGUR,BERAS,1000,10569000
1188,2/16/2021,TOKO DEWI AFRITA ,BERAS,3000,32325000
1189,2/16/2021,TOKO ENDANG HARTATI ,BERAS,1000,10775000
1190,2/16/2021,TOKO ENDANG SUSILAWATI ,BERAS,6000,64650000
1191,2/16/2021,TOKO KHET MEN ,BERAS,500,5387500
1192,2/16/2021,TOKO SARDIYANTO ,BERAS,2000,21550000
1193,2/16/2021,TOKO URAI INA KURNIA ,BERAS,2000,21550000
1194,2/17/2021,TOKO AMRAN ,BERAS,300,3232500
1195,2/17/2021,TOKO ASEP SAFRUDIN ,BERAS,300,3232500
1196,2/17/2021,TOKO EKO BUDI WINASIS ,BERAS,320,3448000
1197,2/17/2021,TOKO IDAWATI ,BERAS,230,2478250
1198,2/17/2021,TOKO IMIN ,BERAS,3000,32325000
1199,2/17/2021,TOKO MOMONG ALPINA ,BERAS,500,5387500
1200,2/17/2021,TOKO SOFIAN ,BERAS,400,4310000
1201,2/17/2021,TOKO HERI HARYANTO ,BERAS,700,7542500
1202,2/17/2021,TOKO JUANTI ,BERAS,2000,21550000
1203,2/17/2021,TOKO SIMON SUMARDI ,BERAS,1000,10775000
1204,2/19/2021,TOKO DEDES,BERAS,500,5284500
1205,2/19/2021,TOKO DEDES,DAGING,100,8616000
1206,2/22/2021,TOKO ARDO,DAGING,80,5612800
1207,2/22/2021,Warung Nak Zihan,GULA,1120,13440000
1208,2/23/2021,TOKO YAKOB ,BERAS,6000,64650000
1209,2/23/2021,TOKO DEWI AFRITA ,BERAS,3500,37712500
1210,2/23/2021,TOKO ENDANG SUSILAWATI ,BERAS,6000,64650000
1211,2/23/2021,TOKO GERRY GUMILANG ,BERAS,2350,25321250
1212,2/23/2021,TOKO ALEXANDER Y. ,BERAS,1250,13468750
1213,2/23/2021,TOKO MIKA ERNAWATI ,BERAS,500,5387500
1214,2/25/2021,TOKO BU YULI,DAGING,80,6892800
1215,3/2/2021,SAHABAT ANDA,DAGING,100,8616000
1216,3/2/2021,TOKO RIZKI SAKYAH,GULA,200,2400000
1217,3/2/2021,TOKO IRVA,BERAS,400,4227600
1218,3/2/2021,TOKO NURDIAH ,TEPUNG,100,887600
1219,3/3/2021,TOKO BU YULI,BERAS,500,5284500
1220,3/3/2021,TOKO BU YULI,DAGING,80,5612800
1221,3/9/2021,TOKO MOMONG ALPINA ,BERAS,320,3382080
1222,3/9/2021,TOKO MOMONG ALPINA ,DAGING,60,5169600
1223,3/9/2021,TOKO MOMONG ALPINA ,GULA,32,384000
1224,3/9/2021,TOKO MOMONG ALPINA ,TEPUNG,102,905352
1225,3/18/2021,TOKO ABIZAR,BERAS,50,528450
1226,3/18/2021,TOKO ABIZAR,DAGING,35,3015600
1227,3/18/2021,TOKO FATHULLAH ZIKRI,BERAS,100,1056900
1228,3/18/2021,TOKO FATHULLAH ZIKRI,GULA,200,2400000
1229,3/18/2021,TOKO MAJU TERUS,DAGING,50,3508000
1230,3/19/2021,TOKO USAHA ,BERAS,100,1056900
1231,3/19/2021,TOKO USAHA ,DAGING,25,2154000
1232,3/19/2021,TOKO MUNIR,BERAS,40,666400
1233,3/19/2021,TOKO MUNIR,DAGING,40,2806400
1234,3/22/2021,TOKO KOTABARU,BERAS,250,2642250
1235,3/22/2021,TOKO KOTABARU,DAGING,10,701600
1236,3/22/2021,TOKO BOB-i,BERAS,100,1056900
1237,3/22/2021,TOKO BOB-i,GULA,200,2400000
1238,3/22/2021,TOKO BERKAH DUA PUTRA,DAGING,20,1403200
1239,3/22/2021,TOKO BERKAH DUA PUTRA,DAGING,25,2154000
1240,3/23/2021,TOKO BUNGUR,DAGING,35,3015600
1241,3/23/2021,TOKO BUNGUR,TEPUNG,50,443800
1242,3/23/2021,TOKO SIDAK,DAGING,35,3015600
1243,3/23/2021,TOKO SIDAK,TEPUNG,50,443800
1244,3/23/2021,TOKO AQIL,DAGING,35,3015600
1245,3/23/2021,TOKO AQIL,TEPUNG,38,337288
1246,3/23/2021,TOKO SULASTRI AGUSTINI,DAGING,35,3015600
1247,3/23/2021,TOKO SULASTRI AGUSTINI,TEPUNG,60,532560
1248,3/25/2021,TOKO JERORA JAYA,GULA,160,1920000
1249,3/25/2021,TOKO JERORA JAYA,DAGING,40,3446400
1250,3/25/2021,TOKO AMI,DAGING,60,5169600
1251,3/25/2021,KARUNIA,BERAS,150,1585350
1252,3/25/2021,KARUNIA,DAGING,30,2104800
1253,3/26/2021,TOKO ADELA,DAGING,50,4308000
1254,3/26/2021,TOKO ANUGRAH,BERAS,500,5437500
1255,3/26/2021,TOKO ANUGRAH,DAGING,40,2806400
1256,3/26/2021,TOKO DWI RETNO SAMUDRO,BERAS,500,5437500
1257,3/26/2021,TOKO DWI RETNO SAMUDRO,DAGING,60,4209600
1258,3/26/2021,TOKO YUSMAN DABU,DAGING,50,4308000
1259,3/29/2021,Warung Nak Zihan,BERAS,20,333200
1260,3/29/2021,Warung Nak Zihan,GULA,120,1440000
1261,3/29/2021,Warung Nak Zihan,DAGING,20,1403200
1262,3/30/2021,TOKO HIDAYAH,BERAS,300,3262500
1263,4/5/2021,TOKO SIDAK,DAGING,80,5852800
1264,4/6/2021,TOKO BU YULI,BERAS,2000,20412000
1265,4/6/2021,TOKO RIZKI SAKYAH,GULA,220,2640000
1266,4/6/2021,TOKO RIZKI SAKYAH,BERAS,200,2041200
1267,4/6/2021,TOKO RIZKI SAKYAH,TEPUNG,100,887600
1268,4/6/2021,TOKO ENDANG SUSILAWATI ,BERAS,5000,54375000
1269,4/6/2021,TOKO YAKOB ,BERAS,6000,65250000
1270,4/6/2021,TOKO HERMANTO ,BERAS,6000,65250000
1271,4/6/2021,TOKO YULIANA ,BERAS,1000,10875000
1272,4/6/2021,TOKO GERRY GUMILANG ,BERAS,1860,20227500
1273,4/7/2021,TOKO KHET MEN ,BERAS,1000,10875000
1274,4/7/2021,TOKO ENDANG HARTATI ,BERAS,1000,10875000
1275,4/7/2021,TOKO FEBRIANTI INDAH LESTARI ,BERAS,3500,38062500
1276,4/7/2021,TOKO YENNI SUSILAWATI ,BERAS,5000,54375000
1277,4/7/2021,TOKO URAI INA KURNIA ,BERAS,2000,21750000
1278,4/8/2021,TOKO ALEXANDER Y. ,BERAS,2000,21750000
1279,4/8/2021,TOKO AGUSTINUS ,BERAS,1000,10875000
1280,4/8/2021,TOKO APRIYANTO ,BERAS,3930,42738750
1281,4/8/2021,TOKO ARI YANTO ,BERAS,1000,10875000
1282,4/8/2021,TOKO NURFADILAH ,BERAS,670,7286250
1283,4/8/2021,TOKO SIMON SUMARDI ,BERAS,1000,10875000
1284,4/8/2021,TOKO MAJU TERUS,GULA,100,1200000
1285,4/8/2021,TOKO MAJU TERUS,DAGING,60,4389600
1286,4/8/2021,TOKO KINORA,BERAS,250,2718750
1287,4/8/2021,TOKO KINORA,TEPUNG,120,1065120
1288,4/9/2021,TOKO BERKAH DUA PUTRA,GULA,100,1200000
1289,4/9/2021,TOKO BERKAH DUA PUTRA,DAGING,80,5852800
